Keyword,Bank Name Used,Rank Position,Competition,Competition Index,Search Volume,Bank Name,Revenue in billions,Source
mortgage loans best rates,firstbank,3,LOW,0,590,First Bank of Nigeria Limited,3200.00,https://first-holdco.com/wp-content/uploads/2025/04/First-HoldCo-Plc_-FY-2024_-Results-Presentation_.pdf
mortgage loans best rates,stanbicibtc,4,LOW,0,590,Stanbic IBTC Bank Plc,823.31,https://africanfinancials.com/document/ng-ibtc-2024-ar-00/
mortgage loans best rates,gtbank,7,LOW,0,590,Guaranty Trust Bank Limited,467.85,https://gtbank-plc.files.svdcdn.com/production/financial-information/DECEMBER-2024-FULL-YEAR-INVESTOR-PRESENTATION_2025-04-01-051737_dnwl.pdf
best home equity loans,stanbicibtc,1,LOW,7,260,Stanbic IBTC Bank Plc,823.31,https://africanfinancials.com/document/ng-ibtc-2024-ar-00/
best home equity loans,firstbank,5,LOW,7,260,First Bank of Nigeria Limited,3200.00,https://first-holdco.com/wp-content/uploads/2025/04/First-HoldCo-Plc_-FY-2024_-Results-Presentation_.pdf
best home equity loans,fcmb,7,LOW,7,260,First City Monument Bank Limited,794.80,https://techpoint.africa/news/fcmb-groups-gross-earnings-soars-53-9-in-2024/
best home equity loans,accessbank,8,LOW,7,260,Access Bank Plc,4878.00,https://accessholdingsplc.com/wp-content/uploads/2025/04/PRESS-RELEASE-ACCESS-HOLDINGS-FY-24-RESULTS.pdf
best business lenders,fcmb,7,HIGH,75,210,First City Monument Bank Limited,794.80,https://techpoint.africa/news/fcmb-groups-gross-earnings-soars-53-9-in-2024/
best business lenders,fidelitybank,8,HIGH,75,210,Fidelity Bank Plc,1043.40,https://www.fidelitybank.ng/documents/2024-Fidelity-Bank-Annual-Report.pdf
best lenders for business loans,fidelitybank,5,HIGH,75,210,Fidelity Bank Plc,1043.40,https://www.fidelitybank.ng/documents/2024-Fidelity-Bank-Annual-Report.pdf
personal loan lowest interest rate,firstbank,2,MEDIUM,47,140,First Bank of Nigeria Limited,3200.00,https://first-holdco.com/wp-content/uploads/2025/04/First-HoldCo-Plc_-FY-2024_-Results-Presentation_.pdf
personal loan lowest interest rate,fidelitybank,3,MEDIUM,47,140,Fidelity Bank Plc,1043.40,https://www.fidelitybank.ng/documents/2024-Fidelity-Bank-Annual-Report.pdf
personal loan lowest interest rate,gtbank,5,MEDIUM,47,140,Guaranty Trust Bank Limited,467.85,https://gtbank-plc.files.svdcdn.com/production/financial-information/DECEMBER-2024-FULL-YEAR-INVESTOR-PRESENTATION_2025-04-01-051737_dnwl.pdf
personal loan bank,firstbank,1,LOW,7,110,First Bank of Nigeria Limited,3200.00,https://first-holdco.com/wp-content/uploads/2025/04/First-HoldCo-Plc_-FY-2024_-Results-Presentation_.pdf
personal loan bank,uba,3,LOW,7,110,United Bank for Africa Plc,3180.00,https://www.ubagroup.com/investors/financial-reports/
personal loan bank,fidelitybank,4,LOW,7,110,Fidelity Bank Plc,1043.40,https://www.fidelitybank.ng/documents/2024-Fidelity-Bank-Annual-Report.pdf
personal loan bank,accessbank,5,LOW,7,110,Access Bank Plc,4878.00,https://accessholdingsplc.com/wp-content/uploads/2025/04/PRESS-RELEASE-ACCESS-HOLDINGS-FY-24-RESULTS.pdf
personal loan bank,gtbank,6,LOW,7,110,Guaranty Trust Bank Limited,467.85,https://gtbank-plc.files.svdcdn.com/production/financial-information/DECEMBER-2024-FULL-YEAR-INVESTOR-PRESENTATION_2025-04-01-051737_dnwl.pdf
personal loan bank,wema,7,LOW,7,110,Wema Bank Plc,430.26,https://proshare.co/articles/wema-bank-full-year-2024-report-higher-interest-and-non-interest-income-sustains-gross-earnings-rally?category=Stock+%26+Analyst+Updates&classification=Read&menu=Market
personal loan bank,stanbicibtc,8,LOW,7,110,Stanbic IBTC Bank Plc,823.31,https://africanfinancials.com/document/ng-ibtc-2024-ar-00/
personal loan bank,firstbank,9,LOW,7,110,First Bank of Nigeria Limited,3200.00,https://first-holdco.com/wp-content/uploads/2025/04/First-HoldCo-Plc_-FY-2024_-Results-Presentation_.pdf
personal loan no credit check,firstbank,3,MEDIUM,46,90,First Bank of Nigeria Limited,3200.00,https://first-holdco.com/wp-content/uploads/2025/04/First-HoldCo-Plc_-FY-2024_-Results-Presentation_.pdf
personal loan no credit check,fidelitybank,6,MEDIUM,46,90,Fidelity Bank Plc,1043.40,https://www.fidelitybank.ng/documents/2024-Fidelity-Bank-Annual-Report.pdf
personal loan no credit check,uba,7,MEDIUM,46,90,United Bank for Africa Plc,3180.00,https://www.ubagroup.com/investors/financial-reports/
lowest bank loan rates,firstbank,5,HIGH,79,70,First Bank of Nigeria Limited,3200.00,https://first-holdco.com/wp-content/uploads/2025/04/First-HoldCo-Plc_-FY-2024_-Results-Presentation_.pdf
best home mortgage lenders,firstbank,5,LOW,0,30,First Bank of Nigeria Limited,3200.00,https://first-holdco.com/wp-content/uploads/2025/04/First-HoldCo-Plc_-FY-2024_-Results-Presentation_.pdf
best home mortgage lenders,gtbank,10,LOW,0,30,Guaranty Trust Bank Limited,467.85,https://gtbank-plc.files.svdcdn.com/production/financial-information/DECEMBER-2024-FULL-YEAR-INVESTOR-PRESENTATION_2025-04-01-051737_dnwl.pdf
best loans for small businesses,fidelitybank,4,LOW,0,30,Fidelity Bank Plc,1043.40,https://www.fidelitybank.ng/documents/2024-Fidelity-Bank-Annual-Report.pdf
best loans for small businesses,firstbank,5,LOW,0,30,First Bank of Nigeria Limited,3200.00,https://first-holdco.com/wp-content/uploads/2025/04/First-HoldCo-Plc_-FY-2024_-Results-Presentation_.pdf
best mortgage loans,gtbank,4,LOW,0,30,Guaranty Trust Bank Limited,467.85,https://gtbank-plc.files.svdcdn.com/production/financial-information/DECEMBER-2024-FULL-YEAR-INVESTOR-PRESENTATION_2025-04-01-051737_dnwl.pdf
best mortgage loans,firstbank,5,LOW,0,30,First Bank of Nigeria Limited,3200.00,https://first-holdco.com/wp-content/uploads/2025/04/First-HoldCo-Plc_-FY-2024_-Results-Presentation_.pdf
good mortgage lenders,gtbank,10,LOW,0,30,Guaranty Trust Bank Limited,467.85,https://gtbank-plc.files.svdcdn.com/production/financial-information/DECEMBER-2024-FULL-YEAR-INVESTOR-PRESENTATION_2025-04-01-051737_dnwl.pdf
best mortgage loan companies,firstbank,5,LOW,0,30,First Bank of Nigeria Limited,3200.00,https://first-holdco.com/wp-content/uploads/2025/04/First-HoldCo-Plc_-FY-2024_-Results-Presentation_.pdf
best lenders for small business loans,fidelitybank,2,LOW,0,30,Fidelity Bank Plc,1043.40,https://www.fidelitybank.ng/documents/2024-Fidelity-Bank-Annual-Report.pdf
best lenders for small business loans,firstbank,5,LOW,0,30,First Bank of Nigeria Limited,3200.00,https://first-holdco.com/wp-content/uploads/2025/04/First-HoldCo-Plc_-FY-2024_-Results-Presentation_.pdf
best lenders for small business loans,uba,7,LOW,0,30,United Bank for Africa Plc,3180.00,https://www.ubagroup.com/investors/financial-reports/
best home mortgage companies,firstbank,5,LOW,0,30,First Bank of Nigeria Limited,3200.00,https://first-holdco.com/wp-content/uploads/2025/04/First-HoldCo-Plc_-FY-2024_-Results-Presentation_.pdf
best home mortgage companies,gtbank,7,LOW,0,30,Guaranty Trust Bank Limited,467.85,https://gtbank-plc.files.svdcdn.com/production/financial-information/DECEMBER-2024-FULL-YEAR-INVESTOR-PRESENTATION_2025-04-01-051737_dnwl.pdf
best home financing,firstbank,2,LOW,0,30,First Bank of Nigeria Limited,3200.00,https://first-holdco.com/wp-content/uploads/2025/04/First-HoldCo-Plc_-FY-2024_-Results-Presentation_.pdf
best home financing,stanbicibtc,4,LOW,0,30,Stanbic IBTC Bank Plc,823.31,https://africanfinancials.com/document/ng-ibtc-2024-ar-00/
best home financing,gtbank,7,LOW,0,30,Guaranty Trust Bank Limited,467.85,https://gtbank-plc.files.svdcdn.com/production/financial-information/DECEMBER-2024-FULL-YEAR-INVESTOR-PRESENTATION_2025-04-01-051737_dnwl.pdf
best home financing,accessbank,8,LOW,0,30,Access Bank Plc,4878.00,https://accessholdingsplc.com/wp-content/uploads/2025/04/PRESS-RELEASE-ACCESS-HOLDINGS-FY-24-RESULTS.pdf
great mortgage lenders,gtbank,7,LOW,0,30,Guaranty Trust Bank Limited,467.85,https://gtbank-plc.files.svdcdn.com/production/financial-information/DECEMBER-2024-FULL-YEAR-INVESTOR-PRESENTATION_2025-04-01-051737_dnwl.pdf
great mortgage lenders,fcmb,8,LOW,0,30,First City Monument Bank Limited,794.80,https://techpoint.africa/news/fcmb-groups-gross-earnings-soars-53-9-in-2024/
good home mortgage lenders,firstbank,7,LOW,0,30,First Bank of Nigeria Limited,3200.00,https://first-holdco.com/wp-content/uploads/2025/04/First-HoldCo-Plc_-FY-2024_-Results-Presentation_.pdf
best bank loans,firstbank,1,MEDIUM,41,20,First Bank of Nigeria Limited,3200.00,https://first-holdco.com/wp-content/uploads/2025/04/First-HoldCo-Plc_-FY-2024_-Results-Presentation_.pdf
best bank loans,gtbank,2,MEDIUM,41,20,Guaranty Trust Bank Limited,467.85,https://gtbank-plc.files.svdcdn.com/production/financial-information/DECEMBER-2024-FULL-YEAR-INVESTOR-PRESENTATION_2025-04-01-051737_dnwl.pdf
best bank loans,uba,5,MEDIUM,41,20,United Bank for Africa Plc,3180.00,https://www.ubagroup.com/investors/financial-reports/
best bank loans,fidelitybank,6,MEDIUM,41,20,Fidelity Bank Plc,1043.40,https://www.fidelitybank.ng/documents/2024-Fidelity-Bank-Annual-Report.pdf
best bank loans,stanbicibtc,8,MEDIUM,41,20,Stanbic IBTC Bank Plc,823.31,https://africanfinancials.com/document/ng-ibtc-2024-ar-00/
best company for personal loans,uba,6,LOW,19,20,United Bank for Africa Plc,3180.00,https://www.ubagroup.com/investors/financial-reports/
best company for personal loans,firstbank,7,LOW,19,20,First Bank of Nigeria Limited,3200.00,https://first-holdco.com/wp-content/uploads/2025/04/First-HoldCo-Plc_-FY-2024_-Results-Presentation_.pdf
lowest mortgage rates,stanbicibtc,3,LOW,0,10,Stanbic IBTC Bank Plc,823.31,https://africanfinancials.com/document/ng-ibtc-2024-ar-00/
lowest mortgage rates,firstbank,9,LOW,0,10,First Bank of Nigeria Limited,3200.00,https://first-holdco.com/wp-content/uploads/2025/04/First-HoldCo-Plc_-FY-2024_-Results-Presentation_.pdf
lowest mortgage rates,gtbank,10,LOW,0,10,Guaranty Trust Bank Limited,467.85,https://gtbank-plc.files.svdcdn.com/production/financial-information/DECEMBER-2024-FULL-YEAR-INVESTOR-PRESENTATION_2025-04-01-051737_dnwl.pdf
lowest interest rate home loan,stanbicibtc,1,LOW,0,10,Stanbic IBTC Bank Plc,823.31,https://africanfinancials.com/document/ng-ibtc-2024-ar-00/
lowest interest rate home loan,firstbank,3,LOW,0,10,First Bank of Nigeria Limited,3200.00,https://first-holdco.com/wp-content/uploads/2025/04/First-HoldCo-Plc_-FY-2024_-Results-Presentation_.pdf
lowest interest rate home loan,fcmb,8,LOW,0,10,First City Monument Bank Limited,794.80,https://techpoint.africa/news/fcmb-groups-gross-earnings-soars-53-9-in-2024/
lowest interest rate home loan,stanbicibtc,9,LOW,0,10,Stanbic IBTC Bank Plc,823.31,https://africanfinancials.com/document/ng-ibtc-2024-ar-00/
lowest interest rate mortgage,stanbicibtc,2,LOW,0,10,Stanbic IBTC Bank Plc,823.31,https://africanfinancials.com/document/ng-ibtc-2024-ar-00/
lowest interest rate mortgage,firstbank,5,LOW,0,10,First Bank of Nigeria Limited,3200.00,https://first-holdco.com/wp-content/uploads/2025/04/First-HoldCo-Plc_-FY-2024_-Results-Presentation_.pdf
lowest interest rate mortgage,fcmb,6,LOW,0,10,First City Monument Bank Limited,794.80,https://techpoint.africa/news/fcmb-groups-gross-earnings-soars-53-9-in-2024/
lowest interest rate mortgage,gtbank,10,LOW,0,10,Guaranty Trust Bank Limited,467.85,https://gtbank-plc.files.svdcdn.com/production/financial-information/DECEMBER-2024-FULL-YEAR-INVESTOR-PRESENTATION_2025-04-01-051737_dnwl.pdf
best bank for personal loans,firstbank,2,LOW,14,10,First Bank of Nigeria Limited,3200.00,https://first-holdco.com/wp-content/uploads/2025/04/First-HoldCo-Plc_-FY-2024_-Results-Presentation_.pdf
best bank for personal loans,fidelitybank,4,LOW,14,10,Fidelity Bank Plc,1043.40,https://www.fidelitybank.ng/documents/2024-Fidelity-Bank-Annual-Report.pdf
best bank for personal loans,uba,5,LOW,14,10,United Bank for Africa Plc,3180.00,https://www.ubagroup.com/investors/financial-reports/
best bank for personal loans,wema,6,LOW,14,10,Wema Bank Plc,430.26,https://proshare.co/articles/wema-bank-full-year-2024-report-higher-interest-and-non-interest-income-sustains-gross-earnings-rally?category=Stock+%26+Analyst+Updates&classification=Read&menu=Market
best bank for personal loans,gtbank,7,LOW,14,10,Guaranty Trust Bank Limited,467.85,https://gtbank-plc.files.svdcdn.com/production/financial-information/DECEMBER-2024-FULL-YEAR-INVESTOR-PRESENTATION_2025-04-01-051737_dnwl.pdf
best bank for personal loans,firstbank,9,LOW,14,10,First Bank of Nigeria Limited,3200.00,https://first-holdco.com/wp-content/uploads/2025/04/First-HoldCo-Plc_-FY-2024_-Results-Presentation_.pdf
banks that offer personal loans,firstbank,1,MEDIUM,64,10,First Bank of Nigeria Limited,3200.00,https://first-holdco.com/wp-content/uploads/2025/04/First-HoldCo-Plc_-FY-2024_-Results-Presentation_.pdf
banks that offer personal loans,uba,3,MEDIUM,64,10,United Bank for Africa Plc,3180.00,https://www.ubagroup.com/investors/financial-reports/
banks that offer personal loans,fidelitybank,4,MEDIUM,64,10,Fidelity Bank Plc,1043.40,https://www.fidelitybank.ng/documents/2024-Fidelity-Bank-Annual-Report.pdf
banks that offer personal loans,wema,5,MEDIUM,64,10,Wema Bank Plc,430.26,https://proshare.co/articles/wema-bank-full-year-2024-report-higher-interest-and-non-interest-income-sustains-gross-earnings-rally?category=Stock+%26+Analyst+Updates&classification=Read&menu=Market
banks that offer personal loans,accessbank,6,MEDIUM,64,10,Access Bank Plc,4878.00,https://accessholdingsplc.com/wp-content/uploads/2025/04/PRESS-RELEASE-ACCESS-HOLDINGS-FY-24-RESULTS.pdf
banks that offer personal loans,stanbicibtc,7,MEDIUM,64,10,Stanbic IBTC Bank Plc,823.31,https://africanfinancials.com/document/ng-ibtc-2024-ar-00/
banks that offer personal loans,gtbank,8,MEDIUM,64,10,Guaranty Trust Bank Limited,467.85,https://gtbank-plc.files.svdcdn.com/production/financial-information/DECEMBER-2024-FULL-YEAR-INVESTOR-PRESENTATION_2025-04-01-051737_dnwl.pdf
banks that offer personal loans,firstbank,9,MEDIUM,64,10,First Bank of Nigeria Limited,3200.00,https://first-holdco.com/wp-content/uploads/2025/04/First-HoldCo-Plc_-FY-2024_-Results-Presentation_.pdf
best bank for heloc,stanbicibtc,8,LOW,0,10,Stanbic IBTC Bank Plc,823.31,https://africanfinancials.com/document/ng-ibtc-2024-ar-00/
best bank for heloc,firstbank,9,LOW,0,10,First Bank of Nigeria Limited,3200.00,https://first-holdco.com/wp-content/uploads/2025/04/First-HoldCo-Plc_-FY-2024_-Results-Presentation_.pdf
best place to get a business loan,fcmb,3,HIGH,81,10,First City Monument Bank Limited,794.80,https://techpoint.africa/news/fcmb-groups-gross-earnings-soars-53-9-in-2024/
best place to get a business loan,fidelitybank,7,HIGH,81,10,Fidelity Bank Plc,1043.40,https://www.fidelitybank.ng/documents/2024-Fidelity-Bank-Annual-Report.pdf
best bank for home loan,firstbank,2,LOW,0,10,First Bank of Nigeria Limited,3200.00,https://first-holdco.com/wp-content/uploads/2025/04/First-HoldCo-Plc_-FY-2024_-Results-Presentation_.pdf
best bank for home loan,stanbicibtc,6,LOW,0,10,Stanbic IBTC Bank Plc,823.31,https://africanfinancials.com/document/ng-ibtc-2024-ar-00/
best bank for home loan,gtbank,8,LOW,0,10,Guaranty Trust Bank Limited,467.85,https://gtbank-plc.files.svdcdn.com/production/financial-information/DECEMBER-2024-FULL-YEAR-INVESTOR-PRESENTATION_2025-04-01-051737_dnwl.pdf
best bank for mortgage,gtbank,6,LOW,0,10,Guaranty Trust Bank Limited,467.85,https://gtbank-plc.files.svdcdn.com/production/financial-information/DECEMBER-2024-FULL-YEAR-INVESTOR-PRESENTATION_2025-04-01-051737_dnwl.pdf
best bank for mortgage,firstbank,8,LOW,0,10,First Bank of Nigeria Limited,3200.00,https://first-holdco.com/wp-content/uploads/2025/04/First-HoldCo-Plc_-FY-2024_-Results-Presentation_.pdf
best bank to get a personal loan,firstbank,1,LOW,0,10,First Bank of Nigeria Limited,3200.00,https://first-holdco.com/wp-content/uploads/2025/04/First-HoldCo-Plc_-FY-2024_-Results-Presentation_.pdf
best bank to get a personal loan,fidelitybank,4,LOW,0,10,Fidelity Bank Plc,1043.40,https://www.fidelitybank.ng/documents/2024-Fidelity-Bank-Annual-Report.pdf
best bank to get a personal loan,uba,5,LOW,0,10,United Bank for Africa Plc,3180.00,https://www.ubagroup.com/investors/financial-reports/
best bank to get a personal loan,wema,6,LOW,0,10,Wema Bank Plc,430.26,https://proshare.co/articles/wema-bank-full-year-2024-report-higher-interest-and-non-interest-income-sustains-gross-earnings-rally?category=Stock+%26+Analyst+Updates&classification=Read&menu=Market
best bank to get a personal loan,gtbank,7,LOW,0,10,Guaranty Trust Bank Limited,467.85,https://gtbank-plc.files.svdcdn.com/production/financial-information/DECEMBER-2024-FULL-YEAR-INVESTOR-PRESENTATION_2025-04-01-051737_dnwl.pdf
best bank to get a personal loan,stanbicibtc,8,LOW,0,10,Stanbic IBTC Bank Plc,823.31,https://africanfinancials.com/document/ng-ibtc-2024-ar-00/
best bank to get a personal loan,firstbank,9,LOW,0,10,First Bank of Nigeria Limited,3200.00,https://first-holdco.com/wp-content/uploads/2025/04/First-HoldCo-Plc_-FY-2024_-Results-Presentation_.pdf
best bank for home equity line of credit,stanbicibtc,2,LOW,0,10,Stanbic IBTC Bank Plc,823.31,https://africanfinancials.com/document/ng-ibtc-2024-ar-00/
best bank for home equity line of credit,firstbank,3,LOW,0,10,First Bank of Nigeria Limited,3200.00,https://first-holdco.com/wp-content/uploads/2025/04/First-HoldCo-Plc_-FY-2024_-Results-Presentation_.pdf
best bank for home equity line of credit,accessbank,5,LOW,0,10,Access Bank Plc,4878.00,https://accessholdingsplc.com/wp-content/uploads/2025/04/PRESS-RELEASE-ACCESS-HOLDINGS-FY-24-RESULTS.pdf
best place to get a mortgage loan,firstbank,4,LOW,14,10,First Bank of Nigeria Limited,3200.00,https://first-holdco.com/wp-content/uploads/2025/04/First-HoldCo-Plc_-FY-2024_-Results-Presentation_.pdf
best place to get a mortgage loan,gtbank,5,LOW,14,10,Guaranty Trust Bank Limited,467.85,https://gtbank-plc.files.svdcdn.com/production/financial-information/DECEMBER-2024-FULL-YEAR-INVESTOR-PRESENTATION_2025-04-01-051737_dnwl.pdf
best place to get a mortgage loan,uba,7,LOW,14,10,United Bank for Africa Plc,3180.00,https://www.ubagroup.com/investors/financial-reports/
best place to get a mortgage loan,stanbicibtc,9,LOW,14,10,Stanbic IBTC Bank Plc,823.31,https://africanfinancials.com/document/ng-ibtc-2024-ar-00/
best mortgage lenders for self employed,accessbank,3,LOW,0,10,Access Bank Plc,4878.00,https://accessholdingsplc.com/wp-content/uploads/2025/04/PRESS-RELEASE-ACCESS-HOLDINGS-FY-24-RESULTS.pdf
best mortgage lenders for self employed,uba,5,LOW,0,10,United Bank for Africa Plc,3180.00,https://www.ubagroup.com/investors/financial-reports/
best mortgage lenders for self employed,fcmb,7,LOW,0,10,First City Monument Bank Limited,794.80,https://techpoint.africa/news/fcmb-groups-gross-earnings-soars-53-9-in-2024/
banks that give personal loans,firstbank,1,MEDIUM,64,10,First Bank of Nigeria Limited,3200.00,https://first-holdco.com/wp-content/uploads/2025/04/First-HoldCo-Plc_-FY-2024_-Results-Presentation_.pdf
banks that give personal loans,fidelitybank,3,MEDIUM,64,10,Fidelity Bank Plc,1043.40,https://www.fidelitybank.ng/documents/2024-Fidelity-Bank-Annual-Report.pdf
banks that give personal loans,uba,4,MEDIUM,64,10,United Bank for Africa Plc,3180.00,https://www.ubagroup.com/investors/financial-reports/
banks that give personal loans,wema,5,MEDIUM,64,10,Wema Bank Plc,430.26,https://proshare.co/articles/wema-bank-full-year-2024-report-higher-interest-and-non-interest-income-sustains-gross-earnings-rally?category=Stock+%26+Analyst+Updates&classification=Read&menu=Market
banks that give personal loans,gtbank,6,MEDIUM,64,10,Guaranty Trust Bank Limited,467.85,https://gtbank-plc.files.svdcdn.com/production/financial-information/DECEMBER-2024-FULL-YEAR-INVESTOR-PRESENTATION_2025-04-01-051737_dnwl.pdf
banks that give personal loans,accessbank,7,MEDIUM,64,10,Access Bank Plc,4878.00,https://accessholdingsplc.com/wp-content/uploads/2025/04/PRESS-RELEASE-ACCESS-HOLDINGS-FY-24-RESULTS.pdf
banks that give personal loans,firstbank,8,MEDIUM,64,10,First Bank of Nigeria Limited,3200.00,https://first-holdco.com/wp-content/uploads/2025/04/First-HoldCo-Plc_-FY-2024_-Results-Presentation_.pdf
banks that give personal loans,stanbicibtc,9,MEDIUM,64,10,Stanbic IBTC Bank Plc,823.31,https://africanfinancials.com/document/ng-ibtc-2024-ar-00/
banks that give personal loans,unionbank,10,MEDIUM,64,10,Union Bank of Nigeria Plc,333.00,https://www.unionbankng.com/june-2024-abridged-financial-statements-1/
banks with lowest mortgage rates,stanbicibtc,7,LOW,0,10,Stanbic IBTC Bank Plc,823.31,https://africanfinancials.com/document/ng-ibtc-2024-ar-00/
banks with lowest mortgage rates,gtbank,9,LOW,0,10,Guaranty Trust Bank Limited,467.85,https://gtbank-plc.files.svdcdn.com/production/financial-information/DECEMBER-2024-FULL-YEAR-INVESTOR-PRESENTATION_2025-04-01-051737_dnwl.pdf
best bank for mortgage loan,firstbank,5,LOW,0,10,First Bank of Nigeria Limited,3200.00,https://first-holdco.com/wp-content/uploads/2025/04/First-HoldCo-Plc_-FY-2024_-Results-Presentation_.pdf
best bank for mortgage loan,gtbank,6,LOW,0,10,Guaranty Trust Bank Limited,467.85,https://gtbank-plc.files.svdcdn.com/production/financial-information/DECEMBER-2024-FULL-YEAR-INVESTOR-PRESENTATION_2025-04-01-051737_dnwl.pdf
cheapest business loans,fidelitybank,3,HIGH,86,10,Fidelity Bank Plc,1043.40,https://www.fidelitybank.ng/documents/2024-Fidelity-Bank-Annual-Report.pdf
cheapest business loans,gtbank,6,HIGH,86,10,Guaranty Trust Bank Limited,467.85,https://gtbank-plc.files.svdcdn.com/production/financial-information/DECEMBER-2024-FULL-YEAR-INVESTOR-PRESENTATION_2025-04-01-051737_dnwl.pdf
cheapest business loans,accessbank,8,HIGH,86,10,Access Bank Plc,4878.00,https://accessholdingsplc.com/wp-content/uploads/2025/04/PRESS-RELEASE-ACCESS-HOLDINGS-FY-24-RESULTS.pdf
cheapest bank loans,firstbank,1,HIGH,67,10,First Bank of Nigeria Limited,3200.00,https://first-holdco.com/wp-content/uploads/2025/04/First-HoldCo-Plc_-FY-2024_-Results-Presentation_.pdf
cheapest bank loans,gtbank,3,HIGH,67,10,Guaranty Trust Bank Limited,467.85,https://gtbank-plc.files.svdcdn.com/production/financial-information/DECEMBER-2024-FULL-YEAR-INVESTOR-PRESENTATION_2025-04-01-051737_dnwl.pdf
cheapest bank loans,fidelitybank,5,HIGH,67,10,Fidelity Bank Plc,1043.40,https://www.fidelitybank.ng/documents/2024-Fidelity-Bank-Annual-Report.pdf
cheapest bank loans,uba,6,HIGH,67,10,United Bank for Africa Plc,3180.00,https://www.ubagroup.com/investors/financial-reports/
cheapest bank loans,stanbicibtc,7,HIGH,67,10,Stanbic IBTC Bank Plc,823.31,https://africanfinancials.com/document/ng-ibtc-2024-ar-00/
best bank to get a home equity loan,firstbank,1,LOW,14,10,First Bank of Nigeria Limited,3200.00,https://first-holdco.com/wp-content/uploads/2025/04/First-HoldCo-Plc_-FY-2024_-Results-Presentation_.pdf
best bank to get a home equity loan,stanbicibtc,3,LOW,14,10,Stanbic IBTC Bank Plc,823.31,https://africanfinancials.com/document/ng-ibtc-2024-ar-00/
best bank to get a home equity loan,accessbank,4,LOW,14,10,Access Bank Plc,4878.00,https://accessholdingsplc.com/wp-content/uploads/2025/04/PRESS-RELEASE-ACCESS-HOLDINGS-FY-24-RESULTS.pdf
best bank to get a home equity loan,uba,9,LOW,14,10,United Bank for Africa Plc,3180.00,https://www.ubagroup.com/investors/financial-reports/
best bank for equity line of credit,stanbicibtc,1,LOW,0,10,Stanbic IBTC Bank Plc,823.31,https://africanfinancials.com/document/ng-ibtc-2024-ar-00/
best bank for equity line of credit,keystonebank,5,LOW,0,10,Keystone Bank Limited,59.00,https://www.keystonebankng.com/about-us/?utm_source
best bank for equity line of credit,firstbank,9,LOW,0,10,First Bank of Nigeria Limited,3200.00,https://first-holdco.com/wp-content/uploads/2025/04/First-HoldCo-Plc_-FY-2024_-Results-Presentation_.pdf
banks with low interest rates,firstbank,3,LOW,2,10,First Bank of Nigeria Limited,3200.00,https://first-holdco.com/wp-content/uploads/2025/04/First-HoldCo-Plc_-FY-2024_-Results-Presentation_.pdf
best bank loan rates,firstbank,1,LOW,0,10,First Bank of Nigeria Limited,3200.00,https://first-holdco.com/wp-content/uploads/2025/04/First-HoldCo-Plc_-FY-2024_-Results-Presentation_.pdf
best bank loan rates,gtbank,7,LOW,0,10,Guaranty Trust Bank Limited,467.85,https://gtbank-plc.files.svdcdn.com/production/financial-information/DECEMBER-2024-FULL-YEAR-INVESTOR-PRESENTATION_2025-04-01-051737_dnwl.pdf
mortgage lenders with lowest interest rates,gtbank,6,LOW,0,10,Guaranty Trust Bank Limited,467.85,https://gtbank-plc.files.svdcdn.com/production/financial-information/DECEMBER-2024-FULL-YEAR-INVESTOR-PRESENTATION_2025-04-01-051737_dnwl.pdf
mortgage lenders with lowest interest rates,firstbank,7,LOW,0,10,First Bank of Nigeria Limited,3200.00,https://first-holdco.com/wp-content/uploads/2025/04/First-HoldCo-Plc_-FY-2024_-Results-Presentation_.pdf
mortgage lenders with lowest interest rates,fcmb,10,LOW,0,10,First City Monument Bank Limited,794.80,https://techpoint.africa/news/fcmb-groups-gross-earnings-soars-53-9-in-2024/
best home equity loan providers,stanbicibtc,3,LOW,14,10,Stanbic IBTC Bank Plc,823.31,https://africanfinancials.com/document/ng-ibtc-2024-ar-00/
best home equity loan providers,firstbank,4,LOW,14,10,First Bank of Nigeria Limited,3200.00,https://first-holdco.com/wp-content/uploads/2025/04/First-HoldCo-Plc_-FY-2024_-Results-Presentation_.pdf
best home equity loan providers,accessbank,9,LOW,14,10,Access Bank Plc,4878.00,https://accessholdingsplc.com/wp-content/uploads/2025/04/PRESS-RELEASE-ACCESS-HOLDINGS-FY-24-RESULTS.pdf
best bank for home mortgage,gtbank,5,LOW,0,10,Guaranty Trust Bank Limited,467.85,https://gtbank-plc.files.svdcdn.com/production/financial-information/DECEMBER-2024-FULL-YEAR-INVESTOR-PRESENTATION_2025-04-01-051737_dnwl.pdf
best bank for home mortgage,firstbank,7,LOW,0,10,First Bank of Nigeria Limited,3200.00,https://first-holdco.com/wp-content/uploads/2025/04/First-HoldCo-Plc_-FY-2024_-Results-Presentation_.pdf
best bank for home mortgage,stanbicibtc,9,LOW,0,10,Stanbic IBTC Bank Plc,823.31,https://africanfinancials.com/document/ng-ibtc-2024-ar-00/
low interest bank loans,firstbank,1,HIGH,86,10,First Bank of Nigeria Limited,3200.00,https://first-holdco.com/wp-content/uploads/2025/04/First-HoldCo-Plc_-FY-2024_-Results-Presentation_.pdf
low interest bank loans,gtbank,3,HIGH,86,10,Guaranty Trust Bank Limited,467.85,https://gtbank-plc.files.svdcdn.com/production/financial-information/DECEMBER-2024-FULL-YEAR-INVESTOR-PRESENTATION_2025-04-01-051737_dnwl.pdf
low interest bank loans,fidelitybank,4,HIGH,86,10,Fidelity Bank Plc,1043.40,https://www.fidelitybank.ng/documents/2024-Fidelity-Bank-Annual-Report.pdf
low interest bank loans,uba,5,HIGH,86,10,United Bank for Africa Plc,3180.00,https://www.ubagroup.com/investors/financial-reports/
best bank to get a loan,firstbank,1,MEDIUM,43,10,First Bank of Nigeria Limited,3200.00,https://first-holdco.com/wp-content/uploads/2025/04/First-HoldCo-Plc_-FY-2024_-Results-Presentation_.pdf
best bank to get a loan,gtbank,3,MEDIUM,43,10,Guaranty Trust Bank Limited,467.85,https://gtbank-plc.files.svdcdn.com/production/financial-information/DECEMBER-2024-FULL-YEAR-INVESTOR-PRESENTATION_2025-04-01-051737_dnwl.pdf
best bank to get a loan,fidelitybank,4,MEDIUM,43,10,Fidelity Bank Plc,1043.40,https://www.fidelitybank.ng/documents/2024-Fidelity-Bank-Annual-Report.pdf
best bank to get a loan,uba,5,MEDIUM,43,10,United Bank for Africa Plc,3180.00,https://www.ubagroup.com/investors/financial-reports/
best bank to get a loan,firstbank,6,MEDIUM,43,10,First Bank of Nigeria Limited,3200.00,https://first-holdco.com/wp-content/uploads/2025/04/First-HoldCo-Plc_-FY-2024_-Results-Presentation_.pdf
best bank to get a loan,stanbicibtc,7,MEDIUM,43,10,Stanbic IBTC Bank Plc,823.31,https://africanfinancials.com/document/ng-ibtc-2024-ar-00/
best bank to get a loan,wema,8,MEDIUM,43,10,Wema Bank Plc,430.26,https://proshare.co/articles/wema-bank-full-year-2024-report-higher-interest-and-non-interest-income-sustains-gross-earnings-rally?category=Stock+%26+Analyst+Updates&classification=Read&menu=Market
good interest rate for personal loan,firstbank,1,HIGH,86,10,First Bank of Nigeria Limited,3200.00,https://first-holdco.com/wp-content/uploads/2025/04/First-HoldCo-Plc_-FY-2024_-Results-Presentation_.pdf
good interest rate for personal loan,fidelitybank,3,HIGH,86,10,Fidelity Bank Plc,1043.40,https://www.fidelitybank.ng/documents/2024-Fidelity-Bank-Annual-Report.pdf
good interest rate for personal loan,gtbank,4,HIGH,86,10,Guaranty Trust Bank Limited,467.85,https://gtbank-plc.files.svdcdn.com/production/financial-information/DECEMBER-2024-FULL-YEAR-INVESTOR-PRESENTATION_2025-04-01-051737_dnwl.pdf
good interest rate for personal loan,firstbank,5,HIGH,86,10,First Bank of Nigeria Limited,3200.00,https://first-holdco.com/wp-content/uploads/2025/04/First-HoldCo-Plc_-FY-2024_-Results-Presentation_.pdf
best loans with no credit check,firstbank,3,HIGH,100,10,First Bank of Nigeria Limited,3200.00,https://first-holdco.com/wp-content/uploads/2025/04/First-HoldCo-Plc_-FY-2024_-Results-Presentation_.pdf
best loans with no credit check,uba,10,HIGH,100,10,United Bank for Africa Plc,3180.00,https://www.ubagroup.com/investors/financial-reports/
banks that offer loans,firstbank,1,HIGH,68,10,First Bank of Nigeria Limited,3200.00,https://first-holdco.com/wp-content/uploads/2025/04/First-HoldCo-Plc_-FY-2024_-Results-Presentation_.pdf
banks that offer loans,fidelitybank,2,HIGH,68,10,Fidelity Bank Plc,1043.40,https://www.fidelitybank.ng/documents/2024-Fidelity-Bank-Annual-Report.pdf
banks that offer loans,gtbank,3,HIGH,68,10,Guaranty Trust Bank Limited,467.85,https://gtbank-plc.files.svdcdn.com/production/financial-information/DECEMBER-2024-FULL-YEAR-INVESTOR-PRESENTATION_2025-04-01-051737_dnwl.pdf
banks that offer loans,uba,4,HIGH,68,10,United Bank for Africa Plc,3180.00,https://www.ubagroup.com/investors/financial-reports/
banks that offer loans,stanbicibtc,6,HIGH,68,10,Stanbic IBTC Bank Plc,823.31,https://africanfinancials.com/document/ng-ibtc-2024-ar-00/
banks that offer loans,wema,7,HIGH,68,10,Wema Bank Plc,430.26,https://proshare.co/articles/wema-bank-full-year-2024-report-higher-interest-and-non-interest-income-sustains-gross-earnings-rally?category=Stock+%26+Analyst+Updates&classification=Read&menu=Market
banks that offer loans,accessbank,8,HIGH,68,10,Access Bank Plc,4878.00,https://accessholdingsplc.com/wp-content/uploads/2025/04/PRESS-RELEASE-ACCESS-HOLDINGS-FY-24-RESULTS.pdf
banks that offer loans,firstbank,10,HIGH,68,10,First Bank of Nigeria Limited,3200.00,https://first-holdco.com/wp-content/uploads/2025/04/First-HoldCo-Plc_-FY-2024_-Results-Presentation_.pdf
best bank for house loans,firstbank,1,LOW,0,10,First Bank of Nigeria Limited,3200.00,https://first-holdco.com/wp-content/uploads/2025/04/First-HoldCo-Plc_-FY-2024_-Results-Presentation_.pdf
best bank for house loans,gtbank,5,LOW,0,10,Guaranty Trust Bank Limited,467.85,https://gtbank-plc.files.svdcdn.com/production/financial-information/DECEMBER-2024-FULL-YEAR-INVESTOR-PRESENTATION_2025-04-01-051737_dnwl.pdf
best bank for house loans,stanbicibtc,6,LOW,0,10,Stanbic IBTC Bank Plc,823.31,https://africanfinancials.com/document/ng-ibtc-2024-ar-00/
best banks to get home equity loans,firstbank,2,LOW,14,10,First Bank of Nigeria Limited,3200.00,https://first-holdco.com/wp-content/uploads/2025/04/First-HoldCo-Plc_-FY-2024_-Results-Presentation_.pdf
best banks to get home equity loans,stanbicibtc,3,LOW,14,10,Stanbic IBTC Bank Plc,823.31,https://africanfinancials.com/document/ng-ibtc-2024-ar-00/
best banks to get home equity loans,accessbank,4,LOW,14,10,Access Bank Plc,4878.00,https://accessholdingsplc.com/wp-content/uploads/2025/04/PRESS-RELEASE-ACCESS-HOLDINGS-FY-24-RESULTS.pdf
the best mortgage loans,gtbank,5,LOW,0,10,Guaranty Trust Bank Limited,467.85,https://gtbank-plc.files.svdcdn.com/production/financial-information/DECEMBER-2024-FULL-YEAR-INVESTOR-PRESENTATION_2025-04-01-051737_dnwl.pdf
the best mortgage loans,firstbank,7,LOW,0,10,First Bank of Nigeria Limited,3200.00,https://first-holdco.com/wp-content/uploads/2025/04/First-HoldCo-Plc_-FY-2024_-Results-Presentation_.pdf
best bank business loans,fidelitybank,1,MEDIUM,63,10,Fidelity Bank Plc,1043.40,https://www.fidelitybank.ng/documents/2024-Fidelity-Bank-Annual-Report.pdf
best bank business loans,fcmb,5,MEDIUM,63,10,First City Monument Bank Limited,794.80,https://techpoint.africa/news/fcmb-groups-gross-earnings-soars-53-9-in-2024/
best bank business loans,uba,6,MEDIUM,63,10,United Bank for Africa Plc,3180.00,https://www.ubagroup.com/investors/financial-reports/
best bank business loans,firstbank,8,MEDIUM,63,10,First Bank of Nigeria Limited,3200.00,https://first-holdco.com/wp-content/uploads/2025/04/First-HoldCo-Plc_-FY-2024_-Results-Presentation_.pdf
best bank to get a loan from,firstbank,1,MEDIUM,57,10,First Bank of Nigeria Limited,3200.00,https://first-holdco.com/wp-content/uploads/2025/04/First-HoldCo-Plc_-FY-2024_-Results-Presentation_.pdf
best bank to get a loan from,gtbank,3,MEDIUM,57,10,Guaranty Trust Bank Limited,467.85,https://gtbank-plc.files.svdcdn.com/production/financial-information/DECEMBER-2024-FULL-YEAR-INVESTOR-PRESENTATION_2025-04-01-051737_dnwl.pdf
best bank to get a loan from,fidelitybank,4,MEDIUM,57,10,Fidelity Bank Plc,1043.40,https://www.fidelitybank.ng/documents/2024-Fidelity-Bank-Annual-Report.pdf
best bank to get a loan from,stanbicibtc,5,MEDIUM,57,10,Stanbic IBTC Bank Plc,823.31,https://africanfinancials.com/document/ng-ibtc-2024-ar-00/
best bank to get a loan from,uba,6,MEDIUM,57,10,United Bank for Africa Plc,3180.00,https://www.ubagroup.com/investors/financial-reports/
best bank to get a loan from,wema,7,MEDIUM,57,10,Wema Bank Plc,430.26,https://proshare.co/articles/wema-bank-full-year-2024-report-higher-interest-and-non-interest-income-sustains-gross-earnings-rally?category=Stock+%26+Analyst+Updates&classification=Read&menu=Market
best bank to get a loan from,accessbank,9,MEDIUM,57,10,Access Bank Plc,4878.00,https://accessholdingsplc.com/wp-content/uploads/2025/04/PRESS-RELEASE-ACCESS-HOLDINGS-FY-24-RESULTS.pdf
lowest interest mortgage,stanbicibtc,5,LOW,0,10,Stanbic IBTC Bank Plc,823.31,https://africanfinancials.com/document/ng-ibtc-2024-ar-00/
lowest housing loan interest rate,stanbicibtc,1,LOW,0,10,Stanbic IBTC Bank Plc,823.31,https://africanfinancials.com/document/ng-ibtc-2024-ar-00/
lowest housing loan interest rate,firstbank,3,LOW,0,10,First Bank of Nigeria Limited,3200.00,https://first-holdco.com/wp-content/uploads/2025/04/First-HoldCo-Plc_-FY-2024_-Results-Presentation_.pdf
lowest mortgage loan rates,stanbicibtc,2,LOW,0,10,Stanbic IBTC Bank Plc,823.31,https://africanfinancials.com/document/ng-ibtc-2024-ar-00/
lowest mortgage loan rates,firstbank,3,LOW,0,10,First Bank of Nigeria Limited,3200.00,https://first-holdco.com/wp-content/uploads/2025/04/First-HoldCo-Plc_-FY-2024_-Results-Presentation_.pdf
lowest mortgage loan rates,fcmb,6,LOW,0,10,First City Monument Bank Limited,794.80,https://techpoint.africa/news/fcmb-groups-gross-earnings-soars-53-9-in-2024/
lowest mortgage loan rates,gtbank,8,LOW,0,10,Guaranty Trust Bank Limited,467.85,https://gtbank-plc.files.svdcdn.com/production/financial-information/DECEMBER-2024-FULL-YEAR-INVESTOR-PRESENTATION_2025-04-01-051737_dnwl.pdf
bank loans with low interest rates,firstbank,1,LOW,32,10,First Bank of Nigeria Limited,3200.00,https://first-holdco.com/wp-content/uploads/2025/04/First-HoldCo-Plc_-FY-2024_-Results-Presentation_.pdf
bank loans with low interest rates,fidelitybank,4,LOW,32,10,Fidelity Bank Plc,1043.40,https://www.fidelitybank.ng/documents/2024-Fidelity-Bank-Annual-Report.pdf
bank loans with low interest rates,gtbank,5,LOW,32,10,Guaranty Trust Bank Limited,467.85,https://gtbank-plc.files.svdcdn.com/production/financial-information/DECEMBER-2024-FULL-YEAR-INVESTOR-PRESENTATION_2025-04-01-051737_dnwl.pdf
bank loans with low interest rates,uba,7,LOW,32,10,United Bank for Africa Plc,3180.00,https://www.ubagroup.com/investors/financial-reports/
bank loans with low interest rates,stanbicibtc,10,LOW,32,10,Stanbic IBTC Bank Plc,823.31,https://africanfinancials.com/document/ng-ibtc-2024-ar-00/
lowest mortgage loan interest rate,firstbank,2,LOW,0,10,First Bank of Nigeria Limited,3200.00,https://first-holdco.com/wp-content/uploads/2025/04/First-HoldCo-Plc_-FY-2024_-Results-Presentation_.pdf
lowest mortgage loan interest rate,stanbicibtc,5,LOW,0,10,Stanbic IBTC Bank Plc,823.31,https://africanfinancials.com/document/ng-ibtc-2024-ar-00/
lowest mortgage loan interest rate,unionbank,7,LOW,0,10,Union Bank of Nigeria Plc,333.00,https://www.unionbankng.com/june-2024-abridged-financial-statements-1/
lowest mortgage loan interest rate,fcmb,8,LOW,0,10,First City Monument Bank Limited,794.80,https://techpoint.africa/news/fcmb-groups-gross-earnings-soars-53-9-in-2024/
lowest loan interest rate bank,firstbank,3,LOW,32,10,First Bank of Nigeria Limited,3200.00,https://first-holdco.com/wp-content/uploads/2025/04/First-HoldCo-Plc_-FY-2024_-Results-Presentation_.pdf
banks that provide personal loans,firstbank,2,MEDIUM,64,10,First Bank of Nigeria Limited,3200.00,https://first-holdco.com/wp-content/uploads/2025/04/First-HoldCo-Plc_-FY-2024_-Results-Presentation_.pdf
banks that provide personal loans,uba,3,MEDIUM,64,10,United Bank for Africa Plc,3180.00,https://www.ubagroup.com/investors/financial-reports/
banks that provide personal loans,stanbicibtc,4,MEDIUM,64,10,Stanbic IBTC Bank Plc,823.31,https://africanfinancials.com/document/ng-ibtc-2024-ar-00/
banks that provide personal loans,fidelitybank,5,MEDIUM,64,10,Fidelity Bank Plc,1043.40,https://www.fidelitybank.ng/documents/2024-Fidelity-Bank-Annual-Report.pdf
banks that provide personal loans,gtbank,6,MEDIUM,64,10,Guaranty Trust Bank Limited,467.85,https://gtbank-plc.files.svdcdn.com/production/financial-information/DECEMBER-2024-FULL-YEAR-INVESTOR-PRESENTATION_2025-04-01-051737_dnwl.pdf
banks that provide personal loans,unionbank,7,MEDIUM,64,10,Union Bank of Nigeria Plc,333.00,https://www.unionbankng.com/june-2024-abridged-financial-statements-1/
banks that provide personal loans,wema,8,MEDIUM,64,10,Wema Bank Plc,430.26,https://proshare.co/articles/wema-bank-full-year-2024-report-higher-interest-and-non-interest-income-sustains-gross-earnings-rally?category=Stock+%26+Analyst+Updates&classification=Read&menu=Market
banks that provide personal loans,accessbank,9,MEDIUM,64,10,Access Bank Plc,4878.00,https://accessholdingsplc.com/wp-content/uploads/2025/04/PRESS-RELEASE-ACCESS-HOLDINGS-FY-24-RESULTS.pdf
banks that provide personal loans,keystonebank,10,MEDIUM,64,10,Keystone Bank Limited,59.00,https://www.keystonebankng.com/about-us/?utm_source
best personal loans usa,firstbank,3,HIGH,67,10,First Bank of Nigeria Limited,3200.00,https://first-holdco.com/wp-content/uploads/2025/04/First-HoldCo-Plc_-FY-2024_-Results-Presentation_.pdf
best personal loans usa,fidelitybank,5,HIGH,67,10,Fidelity Bank Plc,1043.40,https://www.fidelitybank.ng/documents/2024-Fidelity-Bank-Annual-Report.pdf
best personal loans usa,uba,7,HIGH,67,10,United Bank for Africa Plc,3180.00,https://www.ubagroup.com/investors/financial-reports/
best personal loans usa,gtbank,10,HIGH,67,10,Guaranty Trust Bank Limited,467.85,https://gtbank-plc.files.svdcdn.com/production/financial-information/DECEMBER-2024-FULL-YEAR-INVESTOR-PRESENTATION_2025-04-01-051737_dnwl.pdf
cheapest business loan interest rate,fidelitybank,3,HIGH,86,10,Fidelity Bank Plc,1043.40,https://www.fidelitybank.ng/documents/2024-Fidelity-Bank-Annual-Report.pdf
cheapest business loan interest rate,uba,4,HIGH,86,10,United Bank for Africa Plc,3180.00,https://www.ubagroup.com/investors/financial-reports/
cheapest business loan interest rate,gtbank,5,HIGH,86,10,Guaranty Trust Bank Limited,467.85,https://gtbank-plc.files.svdcdn.com/production/financial-information/DECEMBER-2024-FULL-YEAR-INVESTOR-PRESENTATION_2025-04-01-051737_dnwl.pdf
best bank to borrow personal loan,firstbank,2,LOW,29,10,First Bank of Nigeria Limited,3200.00,https://first-holdco.com/wp-content/uploads/2025/04/First-HoldCo-Plc_-FY-2024_-Results-Presentation_.pdf
best bank to borrow personal loan,fidelitybank,3,LOW,29,10,Fidelity Bank Plc,1043.40,https://www.fidelitybank.ng/documents/2024-Fidelity-Bank-Annual-Report.pdf
best bank to borrow personal loan,uba,5,LOW,29,10,United Bank for Africa Plc,3180.00,https://www.ubagroup.com/investors/financial-reports/
best bank to borrow personal loan,wema,6,LOW,29,10,Wema Bank Plc,430.26,https://proshare.co/articles/wema-bank-full-year-2024-report-higher-interest-and-non-interest-income-sustains-gross-earnings-rally?category=Stock+%26+Analyst+Updates&classification=Read&menu=Market
best bank to borrow personal loan,gtbank,7,LOW,29,10,Guaranty Trust Bank Limited,467.85,https://gtbank-plc.files.svdcdn.com/production/financial-information/DECEMBER-2024-FULL-YEAR-INVESTOR-PRESENTATION_2025-04-01-051737_dnwl.pdf
best bank to borrow personal loan,accessbank,8,LOW,29,10,Access Bank Plc,4878.00,https://accessholdingsplc.com/wp-content/uploads/2025/04/PRESS-RELEASE-ACCESS-HOLDINGS-FY-24-RESULTS.pdf
best bank with low interest rate for personal loan,firstbank,2,LOW,0,10,First Bank of Nigeria Limited,3200.00,https://first-holdco.com/wp-content/uploads/2025/04/First-HoldCo-Plc_-FY-2024_-Results-Presentation_.pdf
best bank with low interest rate for personal loan,fidelitybank,3,LOW,0,10,Fidelity Bank Plc,1043.40,https://www.fidelitybank.ng/documents/2024-Fidelity-Bank-Annual-Report.pdf
best bank with low interest rate for personal loan,gtbank,4,LOW,0,10,Guaranty Trust Bank Limited,467.85,https://gtbank-plc.files.svdcdn.com/production/financial-information/DECEMBER-2024-FULL-YEAR-INVESTOR-PRESENTATION_2025-04-01-051737_dnwl.pdf
best bank with low interest rate for personal loan,uba,5,LOW,0,10,United Bank for Africa Plc,3180.00,https://www.ubagroup.com/investors/financial-reports/
best bank with low interest rate for personal loan,wema,6,LOW,0,10,Wema Bank Plc,430.26,https://proshare.co/articles/wema-bank-full-year-2024-report-higher-interest-and-non-interest-income-sustains-gross-earnings-rally?category=Stock+%26+Analyst+Updates&classification=Read&menu=Market
best bank loan interest rates,firstbank,2,LOW,0,10,First Bank of Nigeria Limited,3200.00,https://first-holdco.com/wp-content/uploads/2025/04/First-HoldCo-Plc_-FY-2024_-Results-Presentation_.pdf
best bank loan interest rates,fidelitybank,9,LOW,0,10,Fidelity Bank Plc,1043.40,https://www.fidelitybank.ng/documents/2024-Fidelity-Bank-Annual-Report.pdf
top mortgage banks,firstbank,9,LOW,0,10,First Bank of Nigeria Limited,3200.00,https://first-holdco.com/wp-content/uploads/2025/04/First-HoldCo-Plc_-FY-2024_-Results-Presentation_.pdf
banks that have personal loans,firstbank,1,MEDIUM,64,10,First Bank of Nigeria Limited,3200.00,https://first-holdco.com/wp-content/uploads/2025/04/First-HoldCo-Plc_-FY-2024_-Results-Presentation_.pdf
banks that have personal loans,fidelitybank,3,MEDIUM,64,10,Fidelity Bank Plc,1043.40,https://www.fidelitybank.ng/documents/2024-Fidelity-Bank-Annual-Report.pdf
banks that have personal loans,uba,4,MEDIUM,64,10,United Bank for Africa Plc,3180.00,https://www.ubagroup.com/investors/financial-reports/
banks that have personal loans,wema,5,MEDIUM,64,10,Wema Bank Plc,430.26,https://proshare.co/articles/wema-bank-full-year-2024-report-higher-interest-and-non-interest-income-sustains-gross-earnings-rally?category=Stock+%26+Analyst+Updates&classification=Read&menu=Market
banks that have personal loans,gtbank,6,MEDIUM,64,10,Guaranty Trust Bank Limited,467.85,https://gtbank-plc.files.svdcdn.com/production/financial-information/DECEMBER-2024-FULL-YEAR-INVESTOR-PRESENTATION_2025-04-01-051737_dnwl.pdf
banks that have personal loans,accessbank,7,MEDIUM,64,10,Access Bank Plc,4878.00,https://accessholdingsplc.com/wp-content/uploads/2025/04/PRESS-RELEASE-ACCESS-HOLDINGS-FY-24-RESULTS.pdf
banks that have personal loans,unionbank,9,MEDIUM,64,10,Union Bank of Nigeria Plc,333.00,https://www.unionbankng.com/june-2024-abridged-financial-statements-1/
banks that have personal loans,stanbicibtc,10,MEDIUM,64,10,Stanbic IBTC Bank Plc,823.31,https://africanfinancials.com/document/ng-ibtc-2024-ar-00/
lowest mortgage loan,firstbank,3,LOW,0,10,First Bank of Nigeria Limited,3200.00,https://first-holdco.com/wp-content/uploads/2025/04/First-HoldCo-Plc_-FY-2024_-Results-Presentation_.pdf
lowest mortgage loan,stanbicibtc,5,LOW,0,10,Stanbic IBTC Bank Plc,823.31,https://africanfinancials.com/document/ng-ibtc-2024-ar-00/
lowest mortgage loan,fcmb,6,LOW,0,10,First City Monument Bank Limited,794.80,https://techpoint.africa/news/fcmb-groups-gross-earnings-soars-53-9-in-2024/
lowest mortgage loan,gtbank,7,LOW,0,10,Guaranty Trust Bank Limited,467.85,https://gtbank-plc.files.svdcdn.com/production/financial-information/DECEMBER-2024-FULL-YEAR-INVESTOR-PRESENTATION_2025-04-01-051737_dnwl.pdf
lowest mortgage loan,accessbank,8,LOW,0,10,Access Bank Plc,4878.00,https://accessholdingsplc.com/wp-content/uploads/2025/04/PRESS-RELEASE-ACCESS-HOLDINGS-FY-24-RESULTS.pdf
best bank to borrow money,firstbank,1,HIGH,86,10,First Bank of Nigeria Limited,3200.00,https://first-holdco.com/wp-content/uploads/2025/04/First-HoldCo-Plc_-FY-2024_-Results-Presentation_.pdf
best bank to borrow money,fidelitybank,3,HIGH,86,10,Fidelity Bank Plc,1043.40,https://www.fidelitybank.ng/documents/2024-Fidelity-Bank-Annual-Report.pdf
best bank to borrow money,uba,4,HIGH,86,10,United Bank for Africa Plc,3180.00,https://www.ubagroup.com/investors/financial-reports/
best bank to borrow money,gtbank,5,HIGH,86,10,Guaranty Trust Bank Limited,467.85,https://gtbank-plc.files.svdcdn.com/production/financial-information/DECEMBER-2024-FULL-YEAR-INVESTOR-PRESENTATION_2025-04-01-051737_dnwl.pdf
best bank to borrow money,wema,6,HIGH,86,10,Wema Bank Plc,430.26,https://proshare.co/articles/wema-bank-full-year-2024-report-higher-interest-and-non-interest-income-sustains-gross-earnings-rally?category=Stock+%26+Analyst+Updates&classification=Read&menu=Market
best bank to borrow money,firstbank,8,HIGH,86,10,First Bank of Nigeria Limited,3200.00,https://first-holdco.com/wp-content/uploads/2025/04/First-HoldCo-Plc_-FY-2024_-Results-Presentation_.pdf
best bank to borrow money,stanbicibtc,9,HIGH,86,10,Stanbic IBTC Bank Plc,823.31,https://africanfinancials.com/document/ng-ibtc-2024-ar-00/
best banks to borrow money from,firstbank,1,HIGH,86,10,First Bank of Nigeria Limited,3200.00,https://first-holdco.com/wp-content/uploads/2025/04/First-HoldCo-Plc_-FY-2024_-Results-Presentation_.pdf
best banks to borrow money from,uba,3,HIGH,86,10,United Bank for Africa Plc,3180.00,https://www.ubagroup.com/investors/financial-reports/
best banks to borrow money from,fidelitybank,4,HIGH,86,10,Fidelity Bank Plc,1043.40,https://www.fidelitybank.ng/documents/2024-Fidelity-Bank-Annual-Report.pdf
best banks to borrow money from,gtbank,5,HIGH,86,10,Guaranty Trust Bank Limited,467.85,https://gtbank-plc.files.svdcdn.com/production/financial-information/DECEMBER-2024-FULL-YEAR-INVESTOR-PRESENTATION_2025-04-01-051737_dnwl.pdf
best banks to borrow money from,stanbicibtc,7,HIGH,86,10,Stanbic IBTC Bank Plc,823.31,https://africanfinancials.com/document/ng-ibtc-2024-ar-00/
best banks to borrow money from,wema,8,HIGH,86,10,Wema Bank Plc,430.26,https://proshare.co/articles/wema-bank-full-year-2024-report-higher-interest-and-non-interest-income-sustains-gross-earnings-rally?category=Stock+%26+Analyst+Updates&classification=Read&menu=Market
best banks to borrow money from,accessbank,9,HIGH,86,10,Access Bank Plc,4878.00,https://accessholdingsplc.com/wp-content/uploads/2025/04/PRESS-RELEASE-ACCESS-HOLDINGS-FY-24-RESULTS.pdf
best bank loan with low interest,firstbank,1,HIGH,86,10,First Bank of Nigeria Limited,3200.00,https://first-holdco.com/wp-content/uploads/2025/04/First-HoldCo-Plc_-FY-2024_-Results-Presentation_.pdf
best bank loan with low interest,gtbank,3,HIGH,86,10,Guaranty Trust Bank Limited,467.85,https://gtbank-plc.files.svdcdn.com/production/financial-information/DECEMBER-2024-FULL-YEAR-INVESTOR-PRESENTATION_2025-04-01-051737_dnwl.pdf
best bank loan with low interest,fidelitybank,4,HIGH,86,10,Fidelity Bank Plc,1043.40,https://www.fidelitybank.ng/documents/2024-Fidelity-Bank-Annual-Report.pdf
best bank loan with low interest,uba,6,HIGH,86,10,United Bank for Africa Plc,3180.00,https://www.ubagroup.com/investors/financial-reports/
lowest interest rate on business loan,uba,1,HIGH,86,10,United Bank for Africa Plc,3180.00,https://www.ubagroup.com/investors/financial-reports/
lowest interest rate on business loan,gtbank,5,HIGH,86,10,Guaranty Trust Bank Limited,467.85,https://gtbank-plc.files.svdcdn.com/production/financial-information/DECEMBER-2024-FULL-YEAR-INVESTOR-PRESENTATION_2025-04-01-051737_dnwl.pdf
lowest interest rate on business loan,fidelitybank,6,HIGH,86,10,Fidelity Bank Plc,1043.40,https://www.fidelitybank.ng/documents/2024-Fidelity-Bank-Annual-Report.pdf
bank with cheapest interest rates,firstbank,2,LOW,0,10,First Bank of Nigeria Limited,3200.00,https://first-holdco.com/wp-content/uploads/2025/04/First-HoldCo-Plc_-FY-2024_-Results-Presentation_.pdf
bank with cheapest interest rates,gtbank,8,LOW,0,10,Guaranty Trust Bank Limited,467.85,https://gtbank-plc.files.svdcdn.com/production/financial-information/DECEMBER-2024-FULL-YEAR-INVESTOR-PRESENTATION_2025-04-01-051737_dnwl.pdf
easiest bank loan approval,firstbank,1,HIGH,86,10,First Bank of Nigeria Limited,3200.00,https://first-holdco.com/wp-content/uploads/2025/04/First-HoldCo-Plc_-FY-2024_-Results-Presentation_.pdf
easiest bank loan approval,fidelitybank,4,HIGH,86,10,Fidelity Bank Plc,1043.40,https://www.fidelitybank.ng/documents/2024-Fidelity-Bank-Annual-Report.pdf
easiest bank loan approval,uba,5,HIGH,86,10,United Bank for Africa Plc,3180.00,https://www.ubagroup.com/investors/financial-reports/
easiest bank loan approval,stanbicibtc,7,HIGH,86,10,Stanbic IBTC Bank Plc,823.31,https://africanfinancials.com/document/ng-ibtc-2024-ar-00/
easiest bank loan approval,gtbank,8,HIGH,86,10,Guaranty Trust Bank Limited,467.85,https://gtbank-plc.files.svdcdn.com/production/financial-information/DECEMBER-2024-FULL-YEAR-INVESTOR-PRESENTATION_2025-04-01-051737_dnwl.pdf
easiest bank loan approval,wema,10,HIGH,86,10,Wema Bank Plc,430.26,https://proshare.co/articles/wema-bank-full-year-2024-report-higher-interest-and-non-interest-income-sustains-gross-earnings-rally?category=Stock+%26+Analyst+Updates&classification=Read&menu=Market
best online bank loans,firstbank,6,LOW,29,10,First Bank of Nigeria Limited,3200.00,https://first-holdco.com/wp-content/uploads/2025/04/First-HoldCo-Plc_-FY-2024_-Results-Presentation_.pdf
best online bank loans,uba,9,LOW,29,10,United Bank for Africa Plc,3180.00,https://www.ubagroup.com/investors/financial-reports/
banks with lowest home loan rates,firstbank,3,LOW,0,10,First Bank of Nigeria Limited,3200.00,https://first-holdco.com/wp-content/uploads/2025/04/First-HoldCo-Plc_-FY-2024_-Results-Presentation_.pdf
banks with lowest home loan rates,stanbicibtc,7,LOW,0,10,Stanbic IBTC Bank Plc,823.31,https://africanfinancials.com/document/ng-ibtc-2024-ar-00/
banks with lowest home loan rates,fcmb,8,LOW,0,10,First City Monument Bank Limited,794.80,https://techpoint.africa/news/fcmb-groups-gross-earnings-soars-53-9-in-2024/
banks that offer wedding loans,firstbank,3,LOW,0,10,First Bank of Nigeria Limited,3200.00,https://first-holdco.com/wp-content/uploads/2025/04/First-HoldCo-Plc_-FY-2024_-Results-Presentation_.pdf
banks that offer wedding loans,stanbicibtc,6,LOW,0,10,Stanbic IBTC Bank Plc,823.31,https://africanfinancials.com/document/ng-ibtc-2024-ar-00/
banks that offer wedding loans,firstbank,7,LOW,0,10,First Bank of Nigeria Limited,3200.00,https://first-holdco.com/wp-content/uploads/2025/04/First-HoldCo-Plc_-FY-2024_-Results-Presentation_.pdf
banks that offer wedding loans,firstbank,10,LOW,0,10,First Bank of Nigeria Limited,3200.00,https://first-holdco.com/wp-content/uploads/2025/04/First-HoldCo-Plc_-FY-2024_-Results-Presentation_.pdf
good interest rate for loan,firstbank,9,MEDIUM,43,10,First Bank of Nigeria Limited,3200.00,https://first-holdco.com/wp-content/uploads/2025/04/First-HoldCo-Plc_-FY-2024_-Results-Presentation_.pdf
best bank for instant personal loan,firstbank,1,HIGH,100,10,First Bank of Nigeria Limited,3200.00,https://first-holdco.com/wp-content/uploads/2025/04/First-HoldCo-Plc_-FY-2024_-Results-Presentation_.pdf
best bank for instant personal loan,fidelitybank,3,HIGH,100,10,Fidelity Bank Plc,1043.40,https://www.fidelitybank.ng/documents/2024-Fidelity-Bank-Annual-Report.pdf
best bank for instant personal loan,wema,4,HIGH,100,10,Wema Bank Plc,430.26,https://proshare.co/articles/wema-bank-full-year-2024-report-higher-interest-and-non-interest-income-sustains-gross-earnings-rally?category=Stock+%26+Analyst+Updates&classification=Read&menu=Market
best bank for instant personal loan,stanbicibtc,5,HIGH,100,10,Stanbic IBTC Bank Plc,823.31,https://africanfinancials.com/document/ng-ibtc-2024-ar-00/
best bank for instant personal loan,gtbank,6,HIGH,100,10,Guaranty Trust Bank Limited,467.85,https://gtbank-plc.files.svdcdn.com/production/financial-information/DECEMBER-2024-FULL-YEAR-INVESTOR-PRESENTATION_2025-04-01-051737_dnwl.pdf
best bank for instant personal loan,uba,7,HIGH,100,10,United Bank for Africa Plc,3180.00,https://www.ubagroup.com/investors/financial-reports/
best bank for instant personal loan,accessbank,9,HIGH,100,10,Access Bank Plc,4878.00,https://accessholdingsplc.com/wp-content/uploads/2025/04/PRESS-RELEASE-ACCESS-HOLDINGS-FY-24-RESULTS.pdf
banks with best loan interest rates,firstbank,3,LOW,0,10,First Bank of Nigeria Limited,3200.00,https://first-holdco.com/wp-content/uploads/2025/04/First-HoldCo-Plc_-FY-2024_-Results-Presentation_.pdf
banks with best loan interest rates,uba,8,LOW,0,10,United Bank for Africa Plc,3180.00,https://www.ubagroup.com/investors/financial-reports/
easiest bank loan to get,firstbank,1,HIGH,86,10,First Bank of Nigeria Limited,3200.00,https://first-holdco.com/wp-content/uploads/2025/04/First-HoldCo-Plc_-FY-2024_-Results-Presentation_.pdf
easiest bank loan to get,fidelitybank,3,HIGH,86,10,Fidelity Bank Plc,1043.40,https://www.fidelitybank.ng/documents/2024-Fidelity-Bank-Annual-Report.pdf
easiest bank loan to get,uba,4,HIGH,86,10,United Bank for Africa Plc,3180.00,https://www.ubagroup.com/investors/financial-reports/
easiest bank loan to get,stanbicibtc,5,HIGH,86,10,Stanbic IBTC Bank Plc,823.31,https://africanfinancials.com/document/ng-ibtc-2024-ar-00/
easiest bank loan to get,gtbank,6,HIGH,86,10,Guaranty Trust Bank Limited,467.85,https://gtbank-plc.files.svdcdn.com/production/financial-information/DECEMBER-2024-FULL-YEAR-INVESTOR-PRESENTATION_2025-04-01-051737_dnwl.pdf
easiest bank loan to get,wema,7,HIGH,86,10,Wema Bank Plc,430.26,https://proshare.co/articles/wema-bank-full-year-2024-report-higher-interest-and-non-interest-income-sustains-gross-earnings-rally?category=Stock+%26+Analyst+Updates&classification=Read&menu=Market
easiest bank loan to get,fcmb,9,HIGH,86,10,First City Monument Bank Limited,794.80,https://techpoint.africa/news/fcmb-groups-gross-earnings-soars-53-9-in-2024/
loan low interest rate bank,firstbank,1,LOW,14,10,First Bank of Nigeria Limited,3200.00,https://first-holdco.com/wp-content/uploads/2025/04/First-HoldCo-Plc_-FY-2024_-Results-Presentation_.pdf
loan low interest rate bank,fidelitybank,4,LOW,14,10,Fidelity Bank Plc,1043.40,https://www.fidelitybank.ng/documents/2024-Fidelity-Bank-Annual-Report.pdf
loan low interest rate bank,gtbank,5,LOW,14,10,Guaranty Trust Bank Limited,467.85,https://gtbank-plc.files.svdcdn.com/production/financial-information/DECEMBER-2024-FULL-YEAR-INVESTOR-PRESENTATION_2025-04-01-051737_dnwl.pdf
loan low interest rate bank,uba,6,LOW,14,10,United Bank for Africa Plc,3180.00,https://www.ubagroup.com/investors/financial-reports/
loan low interest rate bank,firstbank,7,LOW,14,10,First Bank of Nigeria Limited,3200.00,https://first-holdco.com/wp-content/uploads/2025/04/First-HoldCo-Plc_-FY-2024_-Results-Presentation_.pdf
loan low interest rate bank,accessbank,9,LOW,14,10,Access Bank Plc,4878.00,https://accessholdingsplc.com/wp-content/uploads/2025/04/PRESS-RELEASE-ACCESS-HOLDINGS-FY-24-RESULTS.pdf
loan low interest rate bank,stanbicibtc,10,LOW,14,10,Stanbic IBTC Bank Plc,823.31,https://africanfinancials.com/document/ng-ibtc-2024-ar-00/
best bank to take loan,firstbank,1,LOW,29,10,First Bank of Nigeria Limited,3200.00,https://first-holdco.com/wp-content/uploads/2025/04/First-HoldCo-Plc_-FY-2024_-Results-Presentation_.pdf
best bank to take loan,gtbank,4,LOW,29,10,Guaranty Trust Bank Limited,467.85,https://gtbank-plc.files.svdcdn.com/production/financial-information/DECEMBER-2024-FULL-YEAR-INVESTOR-PRESENTATION_2025-04-01-051737_dnwl.pdf
best bank to take loan,fidelitybank,5,LOW,29,10,Fidelity Bank Plc,1043.40,https://www.fidelitybank.ng/documents/2024-Fidelity-Bank-Annual-Report.pdf
best bank to take loan,uba,6,LOW,29,10,United Bank for Africa Plc,3180.00,https://www.ubagroup.com/investors/financial-reports/
best bank to take loan,wema,7,LOW,29,10,Wema Bank Plc,430.26,https://proshare.co/articles/wema-bank-full-year-2024-report-higher-interest-and-non-interest-income-sustains-gross-earnings-rally?category=Stock+%26+Analyst+Updates&classification=Read&menu=Market
best bank to take loan,stanbicibtc,8,LOW,29,10,Stanbic IBTC Bank Plc,823.31,https://africanfinancials.com/document/ng-ibtc-2024-ar-00/
best bank with low interest rates loan,firstbank,2,LOW,0,10,First Bank of Nigeria Limited,3200.00,https://first-holdco.com/wp-content/uploads/2025/04/First-HoldCo-Plc_-FY-2024_-Results-Presentation_.pdf
best bank with low interest rates loan,fidelitybank,4,LOW,0,10,Fidelity Bank Plc,1043.40,https://www.fidelitybank.ng/documents/2024-Fidelity-Bank-Annual-Report.pdf
best bank with low interest rates loan,gtbank,6,LOW,0,10,Guaranty Trust Bank Limited,467.85,https://gtbank-plc.files.svdcdn.com/production/financial-information/DECEMBER-2024-FULL-YEAR-INVESTOR-PRESENTATION_2025-04-01-051737_dnwl.pdf
best bank with low interest rates loan,uba,7,LOW,0,10,United Bank for Africa Plc,3180.00,https://www.ubagroup.com/investors/financial-reports/
low interest overdraft,firstbank,2,LOW,0,10,First Bank of Nigeria Limited,3200.00,https://first-holdco.com/wp-content/uploads/2025/04/First-HoldCo-Plc_-FY-2024_-Results-Presentation_.pdf
low interest overdraft,uba,3,LOW,0,10,United Bank for Africa Plc,3180.00,https://www.ubagroup.com/investors/financial-reports/
low interest overdraft,gtbank,4,LOW,0,10,Guaranty Trust Bank Limited,467.85,https://gtbank-plc.files.svdcdn.com/production/financial-information/DECEMBER-2024-FULL-YEAR-INVESTOR-PRESENTATION_2025-04-01-051737_dnwl.pdf
low interest overdraft,stanbicibtc,5,LOW,0,10,Stanbic IBTC Bank Plc,823.31,https://africanfinancials.com/document/ng-ibtc-2024-ar-00/
low interest overdraft,fcmb,8,LOW,0,10,First City Monument Bank Limited,794.80,https://techpoint.africa/news/fcmb-groups-gross-earnings-soars-53-9-in-2024/
lowest rate of interest,firstbank,4,LOW,4,10,First Bank of Nigeria Limited,3200.00,https://first-holdco.com/wp-content/uploads/2025/04/First-HoldCo-Plc_-FY-2024_-Results-Presentation_.pdf
low loan interest bank,firstbank,1,LOW,0,10,First Bank of Nigeria Limited,3200.00,https://first-holdco.com/wp-content/uploads/2025/04/First-HoldCo-Plc_-FY-2024_-Results-Presentation_.pdf
low loan interest bank,gtbank,4,LOW,0,10,Guaranty Trust Bank Limited,467.85,https://gtbank-plc.files.svdcdn.com/production/financial-information/DECEMBER-2024-FULL-YEAR-INVESTOR-PRESENTATION_2025-04-01-051737_dnwl.pdf
low loan interest bank,fidelitybank,5,LOW,0,10,Fidelity Bank Plc,1043.40,https://www.fidelitybank.ng/documents/2024-Fidelity-Bank-Annual-Report.pdf
low loan interest bank,uba,6,LOW,0,10,United Bank for Africa Plc,3180.00,https://www.ubagroup.com/investors/financial-reports/
low loan interest bank,accessbank,10,LOW,0,10,Access Bank Plc,4878.00,https://accessholdingsplc.com/wp-content/uploads/2025/04/PRESS-RELEASE-ACCESS-HOLDINGS-FY-24-RESULTS.pdf
top up loan on personal loan,fidelitybank,1,LOW,0,10,Fidelity Bank Plc,1043.40,https://www.fidelitybank.ng/documents/2024-Fidelity-Bank-Annual-Report.pdf
top up loan on personal loan,firstbank,2,LOW,0,10,First Bank of Nigeria Limited,3200.00,https://first-holdco.com/wp-content/uploads/2025/04/First-HoldCo-Plc_-FY-2024_-Results-Presentation_.pdf
top up loan on personal loan,fcmb,3,LOW,0,10,First City Monument Bank Limited,794.80,https://techpoint.africa/news/fcmb-groups-gross-earnings-soars-53-9-in-2024/
top up loan on personal loan,wema,5,LOW,0,10,Wema Bank Plc,430.26,https://proshare.co/articles/wema-bank-full-year-2024-report-higher-interest-and-non-interest-income-sustains-gross-earnings-rally?category=Stock+%26+Analyst+Updates&classification=Read&menu=Market
top up loan on personal loan,firstbank,7,LOW,0,10,First Bank of Nigeria Limited,3200.00,https://first-holdco.com/wp-content/uploads/2025/04/First-HoldCo-Plc_-FY-2024_-Results-Presentation_.pdf
top up loan on personal loan,uba,9,LOW,0,10,United Bank for Africa Plc,3180.00,https://www.ubagroup.com/investors/financial-reports/
open an online bank account,firstbank,1,LOW,31,2400,First Bank of Nigeria Limited,3200.00,https://first-holdco.com/wp-content/uploads/2025/04/First-HoldCo-Plc_-FY-2024_-Results-Presentation_.pdf
open an online bank account,gtbank,2,LOW,31,2400,Guaranty Trust Bank Limited,467.85,https://gtbank-plc.files.svdcdn.com/production/financial-information/DECEMBER-2024-FULL-YEAR-INVESTOR-PRESENTATION_2025-04-01-051737_dnwl.pdf
open an online bank account,uba,4,LOW,31,2400,United Bank for Africa Plc,3180.00,https://www.ubagroup.com/investors/financial-reports/
open an online bank account,fcmb,5,LOW,31,2400,First City Monument Bank Limited,794.80,https://techpoint.africa/news/fcmb-groups-gross-earnings-soars-53-9-in-2024/
open an online bank account,fidelitybank,6,LOW,31,2400,Fidelity Bank Plc,1043.40,https://www.fidelitybank.ng/documents/2024-Fidelity-Bank-Annual-Report.pdf
open an online bank account,zenithbank,7,LOW,31,2400,Zenith Bank Plc,3970.00,https://africanfinancials.com/document/ng-zenith-2024-ar-00/
open an online bank account,stanbicibtc,9,LOW,31,2400,Stanbic IBTC Bank Plc,823.31,https://africanfinancials.com/document/ng-ibtc-2024-ar-00/
open bank account,firstbank,1,LOW,16,2400,First Bank of Nigeria Limited,3200.00,https://first-holdco.com/wp-content/uploads/2025/04/First-HoldCo-Plc_-FY-2024_-Results-Presentation_.pdf
open bank account,gtbank,3,LOW,16,2400,Guaranty Trust Bank Limited,467.85,https://gtbank-plc.files.svdcdn.com/production/financial-information/DECEMBER-2024-FULL-YEAR-INVESTOR-PRESENTATION_2025-04-01-051737_dnwl.pdf
open bank account,uba,5,LOW,16,2400,United Bank for Africa Plc,3180.00,https://www.ubagroup.com/investors/financial-reports/
open bank account,keystonebank,6,LOW,16,2400,Keystone Bank Limited,59.00,https://www.keystonebankng.com/about-us/?utm_source
open bank account,firstbank,7,LOW,16,2400,First Bank of Nigeria Limited,3200.00,https://first-holdco.com/wp-content/uploads/2025/04/First-HoldCo-Plc_-FY-2024_-Results-Presentation_.pdf
open bank account,uba,9,LOW,16,2400,United Bank for Africa Plc,3180.00,https://www.ubagroup.com/investors/financial-reports/
open bank account,accessbank,10,LOW,16,2400,Access Bank Plc,4878.00,https://accessholdingsplc.com/wp-content/uploads/2025/04/PRESS-RELEASE-ACCESS-HOLDINGS-FY-24-RESULTS.pdf
open up a bank account online,firstbank,1,LOW,31,2400,First Bank of Nigeria Limited,3200.00,https://first-holdco.com/wp-content/uploads/2025/04/First-HoldCo-Plc_-FY-2024_-Results-Presentation_.pdf
open up a bank account online,gtbank,3,LOW,31,2400,Guaranty Trust Bank Limited,467.85,https://gtbank-plc.files.svdcdn.com/production/financial-information/DECEMBER-2024-FULL-YEAR-INVESTOR-PRESENTATION_2025-04-01-051737_dnwl.pdf
open up a bank account online,fidelitybank,4,LOW,31,2400,Fidelity Bank Plc,1043.40,https://www.fidelitybank.ng/documents/2024-Fidelity-Bank-Annual-Report.pdf
open up a bank account online,fcmb,5,LOW,31,2400,First City Monument Bank Limited,794.80,https://techpoint.africa/news/fcmb-groups-gross-earnings-soars-53-9-in-2024/
open up a bank account online,stanbicibtc,6,LOW,31,2400,Stanbic IBTC Bank Plc,823.31,https://africanfinancials.com/document/ng-ibtc-2024-ar-00/
open up a bank account online,uba,9,LOW,31,2400,United Bank for Africa Plc,3180.00,https://www.ubagroup.com/investors/financial-reports/
open up a bank account,firstbank,1,LOW,16,2400,First Bank of Nigeria Limited,3200.00,https://first-holdco.com/wp-content/uploads/2025/04/First-HoldCo-Plc_-FY-2024_-Results-Presentation_.pdf
open up a bank account,gtbank,2,LOW,16,2400,Guaranty Trust Bank Limited,467.85,https://gtbank-plc.files.svdcdn.com/production/financial-information/DECEMBER-2024-FULL-YEAR-INVESTOR-PRESENTATION_2025-04-01-051737_dnwl.pdf
open up a bank account,fcmb,5,LOW,16,2400,First City Monument Bank Limited,794.80,https://techpoint.africa/news/fcmb-groups-gross-earnings-soars-53-9-in-2024/
open up a bank account,firstbank,6,LOW,16,2400,First Bank of Nigeria Limited,3200.00,https://first-holdco.com/wp-content/uploads/2025/04/First-HoldCo-Plc_-FY-2024_-Results-Presentation_.pdf
open up a bank account,fidelitybank,7,LOW,16,2400,Fidelity Bank Plc,1043.40,https://www.fidelitybank.ng/documents/2024-Fidelity-Bank-Annual-Report.pdf
open up a bank account,uba,8,LOW,16,2400,United Bank for Africa Plc,3180.00,https://www.ubagroup.com/investors/financial-reports/
open up a bank account,stanbicibtc,9,LOW,16,2400,Stanbic IBTC Bank Plc,823.31,https://africanfinancials.com/document/ng-ibtc-2024-ar-00/
making a bank account online,firstbank,1,LOW,31,2400,First Bank of Nigeria Limited,3200.00,https://first-holdco.com/wp-content/uploads/2025/04/First-HoldCo-Plc_-FY-2024_-Results-Presentation_.pdf
making a bank account online,fcmb,3,LOW,31,2400,First City Monument Bank Limited,794.80,https://techpoint.africa/news/fcmb-groups-gross-earnings-soars-53-9-in-2024/
making a bank account online,gtbank,4,LOW,31,2400,Guaranty Trust Bank Limited,467.85,https://gtbank-plc.files.svdcdn.com/production/financial-information/DECEMBER-2024-FULL-YEAR-INVESTOR-PRESENTATION_2025-04-01-051737_dnwl.pdf
making a bank account online,fidelitybank,5,LOW,31,2400,Fidelity Bank Plc,1043.40,https://www.fidelitybank.ng/documents/2024-Fidelity-Bank-Annual-Report.pdf
making a bank account online,firstbank,6,LOW,31,2400,First Bank of Nigeria Limited,3200.00,https://first-holdco.com/wp-content/uploads/2025/04/First-HoldCo-Plc_-FY-2024_-Results-Presentation_.pdf
making a bank account online,stanbicibtc,7,LOW,31,2400,Stanbic IBTC Bank Plc,823.31,https://africanfinancials.com/document/ng-ibtc-2024-ar-00/
making a bank account online,uba,8,LOW,31,2400,United Bank for Africa Plc,3180.00,https://www.ubagroup.com/investors/financial-reports/
open zenith bank account,zenithbank,1,LOW,13,1000,Zenith Bank Plc,3970.00,https://africanfinancials.com/document/ng-zenith-2024-ar-00/
open zenith bank account,zenithbank,2,LOW,13,1000,Zenith Bank Plc,3970.00,https://africanfinancials.com/document/ng-zenith-2024-ar-00/
open zenith bank account,zenithbank,3,LOW,13,1000,Zenith Bank Plc,3970.00,https://africanfinancials.com/document/ng-zenith-2024-ar-00/
open zenith bank account,zenithbank,4,LOW,13,1000,Zenith Bank Plc,3970.00,https://africanfinancials.com/document/ng-zenith-2024-ar-00/
open zenith bank account,zenithbank,7,LOW,13,1000,Zenith Bank Plc,3970.00,https://africanfinancials.com/document/ng-zenith-2024-ar-00/
open a business banking account,stanbicibtc,1,MEDIUM,37,880,Stanbic IBTC Bank Plc,823.31,https://africanfinancials.com/document/ng-ibtc-2024-ar-00/
open a business banking account,firstbank,2,MEDIUM,37,880,First Bank of Nigeria Limited,3200.00,https://first-holdco.com/wp-content/uploads/2025/04/First-HoldCo-Plc_-FY-2024_-Results-Presentation_.pdf
open a business banking account,accessbank,5,MEDIUM,37,880,Access Bank Plc,4878.00,https://accessholdingsplc.com/wp-content/uploads/2025/04/PRESS-RELEASE-ACCESS-HOLDINGS-FY-24-RESULTS.pdf
open a business banking account,wema,6,MEDIUM,37,880,Wema Bank Plc,430.26,https://proshare.co/articles/wema-bank-full-year-2024-report-higher-interest-and-non-interest-income-sustains-gross-earnings-rally?category=Stock+%26+Analyst+Updates&classification=Read&menu=Market
open a business banking account,gtbank,7,MEDIUM,37,880,Guaranty Trust Bank Limited,467.85,https://gtbank-plc.files.svdcdn.com/production/financial-information/DECEMBER-2024-FULL-YEAR-INVESTOR-PRESENTATION_2025-04-01-051737_dnwl.pdf
open a business banking account,unionbank,9,MEDIUM,37,880,Union Bank of Nigeria Plc,333.00,https://www.unionbankng.com/june-2024-abridged-financial-statements-1/
access bank open account,accessbank,4,LOW,12,880,Access Bank Plc,4878.00,https://accessholdingsplc.com/wp-content/uploads/2025/04/PRESS-RELEASE-ACCESS-HOLDINGS-FY-24-RESULTS.pdf
start bank account,firstbank,2,MEDIUM,64,720,First Bank of Nigeria Limited,3200.00,https://first-holdco.com/wp-content/uploads/2025/04/First-HoldCo-Plc_-FY-2024_-Results-Presentation_.pdf
start bank account,gtbank,3,MEDIUM,64,720,Guaranty Trust Bank Limited,467.85,https://gtbank-plc.files.svdcdn.com/production/financial-information/DECEMBER-2024-FULL-YEAR-INVESTOR-PRESENTATION_2025-04-01-051737_dnwl.pdf
start bank account,fcmb,4,MEDIUM,64,720,First City Monument Bank Limited,794.80,https://techpoint.africa/news/fcmb-groups-gross-earnings-soars-53-9-in-2024/
start bank account,firstbank,6,MEDIUM,64,720,First Bank of Nigeria Limited,3200.00,https://first-holdco.com/wp-content/uploads/2025/04/First-HoldCo-Plc_-FY-2024_-Results-Presentation_.pdf
start bank account,fidelitybank,7,MEDIUM,64,720,Fidelity Bank Plc,1043.40,https://www.fidelitybank.ng/documents/2024-Fidelity-Bank-Annual-Report.pdf
start bank account,uba,8,MEDIUM,64,720,United Bank for Africa Plc,3180.00,https://www.ubagroup.com/investors/financial-reports/
start bank account,stanbicibtc,9,MEDIUM,64,720,Stanbic IBTC Bank Plc,823.31,https://africanfinancials.com/document/ng-ibtc-2024-ar-00/
open gtbank account online,gtbank,1,LOW,10,720,Guaranty Trust Bank Limited,467.85,https://gtbank-plc.files.svdcdn.com/production/financial-information/DECEMBER-2024-FULL-YEAR-INVESTOR-PRESENTATION_2025-04-01-051737_dnwl.pdf
open gtbank account online,gtbank,6,LOW,10,720,Guaranty Trust Bank Limited,467.85,https://gtbank-plc.files.svdcdn.com/production/financial-information/DECEMBER-2024-FULL-YEAR-INVESTOR-PRESENTATION_2025-04-01-051737_dnwl.pdf
free bank account online,fcmb,1,LOW,24,590,First City Monument Bank Limited,794.80,https://techpoint.africa/news/fcmb-groups-gross-earnings-soars-53-9-in-2024/
free bank account online,firstbank,2,LOW,24,590,First Bank of Nigeria Limited,3200.00,https://first-holdco.com/wp-content/uploads/2025/04/First-HoldCo-Plc_-FY-2024_-Results-Presentation_.pdf
free bank account online,fidelitybank,5,LOW,24,590,Fidelity Bank Plc,1043.40,https://www.fidelitybank.ng/documents/2024-Fidelity-Bank-Annual-Report.pdf
free bank account online,gtbank,6,LOW,24,590,Guaranty Trust Bank Limited,467.85,https://gtbank-plc.files.svdcdn.com/production/financial-information/DECEMBER-2024-FULL-YEAR-INVESTOR-PRESENTATION_2025-04-01-051737_dnwl.pdf
free bank account online,zenithbank,7,LOW,24,590,Zenith Bank Plc,3970.00,https://africanfinancials.com/document/ng-zenith-2024-ar-00/
free bank account online,stanbicibtc,8,LOW,24,590,Stanbic IBTC Bank Plc,823.31,https://africanfinancials.com/document/ng-ibtc-2024-ar-00/
free bank account online,accessbank,9,LOW,24,590,Access Bank Plc,4878.00,https://accessholdingsplc.com/wp-content/uploads/2025/04/PRESS-RELEASE-ACCESS-HOLDINGS-FY-24-RESULTS.pdf
free bank account online,uba,10,LOW,24,590,United Bank for Africa Plc,3180.00,https://www.ubagroup.com/investors/financial-reports/
open first bank account online,firstbank,1,LOW,12,590,First Bank of Nigeria Limited,3200.00,https://first-holdco.com/wp-content/uploads/2025/04/First-HoldCo-Plc_-FY-2024_-Results-Presentation_.pdf
open first bank account online,firstbank,2,LOW,12,590,First Bank of Nigeria Limited,3200.00,https://first-holdco.com/wp-content/uploads/2025/04/First-HoldCo-Plc_-FY-2024_-Results-Presentation_.pdf
open first bank account online,firstbank,3,LOW,12,590,First Bank of Nigeria Limited,3200.00,https://first-holdco.com/wp-content/uploads/2025/04/First-HoldCo-Plc_-FY-2024_-Results-Presentation_.pdf
open first bank account online,firstbank,4,LOW,12,590,First Bank of Nigeria Limited,3200.00,https://first-holdco.com/wp-content/uploads/2025/04/First-HoldCo-Plc_-FY-2024_-Results-Presentation_.pdf
open first bank account online,fcmb,6,LOW,12,590,First City Monument Bank Limited,794.80,https://techpoint.africa/news/fcmb-groups-gross-earnings-soars-53-9-in-2024/
open first bank account online,firstbank,9,LOW,12,590,First Bank of Nigeria Limited,3200.00,https://first-holdco.com/wp-content/uploads/2025/04/First-HoldCo-Plc_-FY-2024_-Results-Presentation_.pdf
open first bank account online with bvn,fcmb,6,LOW,13,590,First City Monument Bank Limited,794.80,https://techpoint.africa/news/fcmb-groups-gross-earnings-soars-53-9-in-2024/
open first bank account online with bvn,gtbank,8,LOW,13,590,Guaranty Trust Bank Limited,467.85,https://gtbank-plc.files.svdcdn.com/production/financial-information/DECEMBER-2024-FULL-YEAR-INVESTOR-PRESENTATION_2025-04-01-051737_dnwl.pdf
open access bank account,accessbank,1,LOW,15,480,Access Bank Plc,4878.00,https://accessholdingsplc.com/wp-content/uploads/2025/04/PRESS-RELEASE-ACCESS-HOLDINGS-FY-24-RESULTS.pdf
open access bank account,accessbank,2,LOW,15,480,Access Bank Plc,4878.00,https://accessholdingsplc.com/wp-content/uploads/2025/04/PRESS-RELEASE-ACCESS-HOLDINGS-FY-24-RESULTS.pdf
open access bank account,accessbank,3,LOW,15,480,Access Bank Plc,4878.00,https://accessholdingsplc.com/wp-content/uploads/2025/04/PRESS-RELEASE-ACCESS-HOLDINGS-FY-24-RESULTS.pdf
open access bank account,stanbicibtc,4,LOW,15,480,Stanbic IBTC Bank Plc,823.31,https://africanfinancials.com/document/ng-ibtc-2024-ar-00/
open access bank account,zenithbank,5,LOW,15,480,Zenith Bank Plc,3970.00,https://africanfinancials.com/document/ng-zenith-2024-ar-00/
open access bank account,firstbank,7,LOW,15,480,First Bank of Nigeria Limited,3200.00,https://first-holdco.com/wp-content/uploads/2025/04/First-HoldCo-Plc_-FY-2024_-Results-Presentation_.pdf
open access bank account,accessbank,8,LOW,15,480,Access Bank Plc,4878.00,https://accessholdingsplc.com/wp-content/uploads/2025/04/PRESS-RELEASE-ACCESS-HOLDINGS-FY-24-RESULTS.pdf
open access bank account,fcmb,9,LOW,15,480,First City Monument Bank Limited,794.80,https://techpoint.africa/news/fcmb-groups-gross-earnings-soars-53-9-in-2024/
open business account online,stanbicibtc,1,MEDIUM,35,320,Stanbic IBTC Bank Plc,823.31,https://africanfinancials.com/document/ng-ibtc-2024-ar-00/
open business account online,firstbank,2,MEDIUM,35,320,First Bank of Nigeria Limited,3200.00,https://first-holdco.com/wp-content/uploads/2025/04/First-HoldCo-Plc_-FY-2024_-Results-Presentation_.pdf
open business account online,wema,3,MEDIUM,35,320,Wema Bank Plc,430.26,https://proshare.co/articles/wema-bank-full-year-2024-report-higher-interest-and-non-interest-income-sustains-gross-earnings-rally?category=Stock+%26+Analyst+Updates&classification=Read&menu=Market
open business account online,accessbank,5,MEDIUM,35,320,Access Bank Plc,4878.00,https://accessholdingsplc.com/wp-content/uploads/2025/04/PRESS-RELEASE-ACCESS-HOLDINGS-FY-24-RESULTS.pdf
open business account online,gtbank,8,MEDIUM,35,320,Guaranty Trust Bank Limited,467.85,https://gtbank-plc.files.svdcdn.com/production/financial-information/DECEMBER-2024-FULL-YEAR-INVESTOR-PRESENTATION_2025-04-01-051737_dnwl.pdf
open business account online,fidelitybank,9,MEDIUM,35,320,Fidelity Bank Plc,1043.40,https://www.fidelitybank.ng/documents/2024-Fidelity-Bank-Annual-Report.pdf
open business account online,unionbank,10,MEDIUM,35,320,Union Bank of Nigeria Plc,333.00,https://www.unionbankng.com/june-2024-abridged-financial-statements-1/
open business bank account online,stanbicibtc,1,MEDIUM,35,320,Stanbic IBTC Bank Plc,823.31,https://africanfinancials.com/document/ng-ibtc-2024-ar-00/
open business bank account online,firstbank,2,MEDIUM,35,320,First Bank of Nigeria Limited,3200.00,https://first-holdco.com/wp-content/uploads/2025/04/First-HoldCo-Plc_-FY-2024_-Results-Presentation_.pdf
open business bank account online,wema,4,MEDIUM,35,320,Wema Bank Plc,430.26,https://proshare.co/articles/wema-bank-full-year-2024-report-higher-interest-and-non-interest-income-sustains-gross-earnings-rally?category=Stock+%26+Analyst+Updates&classification=Read&menu=Market
open business bank account online,accessbank,5,MEDIUM,35,320,Access Bank Plc,4878.00,https://accessholdingsplc.com/wp-content/uploads/2025/04/PRESS-RELEASE-ACCESS-HOLDINGS-FY-24-RESULTS.pdf
open business bank account online,gtbank,6,MEDIUM,35,320,Guaranty Trust Bank Limited,467.85,https://gtbank-plc.files.svdcdn.com/production/financial-information/DECEMBER-2024-FULL-YEAR-INVESTOR-PRESENTATION_2025-04-01-051737_dnwl.pdf
open business bank account online,fidelitybank,9,MEDIUM,35,320,Fidelity Bank Plc,1043.40,https://www.fidelitybank.ng/documents/2024-Fidelity-Bank-Annual-Report.pdf
open business bank account online,providusbank,10,MEDIUM,35,320,Providus Bank limited,269.00,https://www.providusbank.com/storage/documents/YustVM57qHXfRs9tRBGIEjW7GqZqo4vMpz4NZNwv.pdf?utm_
open a business checking account online,stanbicibtc,1,MEDIUM,35,320,Stanbic IBTC Bank Plc,823.31,https://africanfinancials.com/document/ng-ibtc-2024-ar-00/
open a business checking account online,firstbank,2,MEDIUM,35,320,First Bank of Nigeria Limited,3200.00,https://first-holdco.com/wp-content/uploads/2025/04/First-HoldCo-Plc_-FY-2024_-Results-Presentation_.pdf
open a business checking account online,wema,4,MEDIUM,35,320,Wema Bank Plc,430.26,https://proshare.co/articles/wema-bank-full-year-2024-report-higher-interest-and-non-interest-income-sustains-gross-earnings-rally?category=Stock+%26+Analyst+Updates&classification=Read&menu=Market
open a business checking account online,gtbank,6,MEDIUM,35,320,Guaranty Trust Bank Limited,467.85,https://gtbank-plc.files.svdcdn.com/production/financial-information/DECEMBER-2024-FULL-YEAR-INVESTOR-PRESENTATION_2025-04-01-051737_dnwl.pdf
open a business checking account online,fidelitybank,7,MEDIUM,35,320,Fidelity Bank Plc,1043.40,https://www.fidelitybank.ng/documents/2024-Fidelity-Bank-Annual-Report.pdf
open a business checking account online,accessbank,9,MEDIUM,35,320,Access Bank Plc,4878.00,https://accessholdingsplc.com/wp-content/uploads/2025/04/PRESS-RELEASE-ACCESS-HOLDINGS-FY-24-RESULTS.pdf
apply for business account online,stanbicibtc,1,MEDIUM,35,320,Stanbic IBTC Bank Plc,823.31,https://africanfinancials.com/document/ng-ibtc-2024-ar-00/
apply for business account online,firstbank,3,MEDIUM,35,320,First Bank of Nigeria Limited,3200.00,https://first-holdco.com/wp-content/uploads/2025/04/First-HoldCo-Plc_-FY-2024_-Results-Presentation_.pdf
apply for business account online,accessbank,4,MEDIUM,35,320,Access Bank Plc,4878.00,https://accessholdingsplc.com/wp-content/uploads/2025/04/PRESS-RELEASE-ACCESS-HOLDINGS-FY-24-RESULTS.pdf
apply for business account online,wema,5,MEDIUM,35,320,Wema Bank Plc,430.26,https://proshare.co/articles/wema-bank-full-year-2024-report-higher-interest-and-non-interest-income-sustains-gross-earnings-rally?category=Stock+%26+Analyst+Updates&classification=Read&menu=Market
apply for business account online,gtbank,6,MEDIUM,35,320,Guaranty Trust Bank Limited,467.85,https://gtbank-plc.files.svdcdn.com/production/financial-information/DECEMBER-2024-FULL-YEAR-INVESTOR-PRESENTATION_2025-04-01-051737_dnwl.pdf
apply for business account online,uba,10,MEDIUM,35,320,United Bank for Africa Plc,3180.00,https://www.ubagroup.com/investors/financial-reports/
first bank open account,firstbank,1,LOW,11,320,First Bank of Nigeria Limited,3200.00,https://first-holdco.com/wp-content/uploads/2025/04/First-HoldCo-Plc_-FY-2024_-Results-Presentation_.pdf
joint account banking,firstbank,1,LOW,0,320,First Bank of Nigeria Limited,3200.00,https://first-holdco.com/wp-content/uploads/2025/04/First-HoldCo-Plc_-FY-2024_-Results-Presentation_.pdf
joint account banking,providusbank,3,LOW,0,320,Providus Bank limited,269.00,https://www.providusbank.com/storage/documents/YustVM57qHXfRs9tRBGIEjW7GqZqo4vMpz4NZNwv.pdf?utm_
joint account banking,uba,4,LOW,0,320,United Bank for Africa Plc,3180.00,https://www.ubagroup.com/investors/financial-reports/
joint account banking,uba,7,LOW,0,320,United Bank for Africa Plc,3180.00,https://www.ubagroup.com/investors/financial-reports/
joint account banking,fcmb,8,LOW,0,320,First City Monument Bank Limited,794.80,https://techpoint.africa/news/fcmb-groups-gross-earnings-soars-53-9-in-2024/
joint account banking,fidelitybank,9,LOW,0,320,Fidelity Bank Plc,1043.40,https://www.fidelitybank.ng/documents/2024-Fidelity-Bank-Annual-Report.pdf
set up bank account,firstbank,2,LOW,5,260,First Bank of Nigeria Limited,3200.00,https://first-holdco.com/wp-content/uploads/2025/04/First-HoldCo-Plc_-FY-2024_-Results-Presentation_.pdf
set up bank account,gtbank,3,LOW,5,260,Guaranty Trust Bank Limited,467.85,https://gtbank-plc.files.svdcdn.com/production/financial-information/DECEMBER-2024-FULL-YEAR-INVESTOR-PRESENTATION_2025-04-01-051737_dnwl.pdf
set up bank account,uba,4,LOW,5,260,United Bank for Africa Plc,3180.00,https://www.ubagroup.com/investors/financial-reports/
set up bank account,keystonebank,5,LOW,5,260,Keystone Bank Limited,59.00,https://www.keystonebankng.com/about-us/?utm_source
set up bank account,firstbank,6,LOW,5,260,First Bank of Nigeria Limited,3200.00,https://first-holdco.com/wp-content/uploads/2025/04/First-HoldCo-Plc_-FY-2024_-Results-Presentation_.pdf
set up bank account,uba,8,LOW,5,260,United Bank for Africa Plc,3180.00,https://www.ubagroup.com/investors/financial-reports/
access bank online account opening,accessbank,1,LOW,10,260,Access Bank Plc,4878.00,https://accessholdingsplc.com/wp-content/uploads/2025/04/PRESS-RELEASE-ACCESS-HOLDINGS-FY-24-RESULTS.pdf
open bank account online without bvn,fcmb,1,LOW,22,260,First City Monument Bank Limited,794.80,https://techpoint.africa/news/fcmb-groups-gross-earnings-soars-53-9-in-2024/
open bank account online without bvn,firstbank,2,LOW,22,260,First Bank of Nigeria Limited,3200.00,https://first-holdco.com/wp-content/uploads/2025/04/First-HoldCo-Plc_-FY-2024_-Results-Presentation_.pdf
open bank account online without bvn,gtbank,3,LOW,22,260,Guaranty Trust Bank Limited,467.85,https://gtbank-plc.files.svdcdn.com/production/financial-information/DECEMBER-2024-FULL-YEAR-INVESTOR-PRESENTATION_2025-04-01-051737_dnwl.pdf
open bank account online without bvn,uba,4,LOW,22,260,United Bank for Africa Plc,3180.00,https://www.ubagroup.com/investors/financial-reports/
open bank account online without bvn,zenithbank,6,LOW,22,260,Zenith Bank Plc,3970.00,https://africanfinancials.com/document/ng-zenith-2024-ar-00/
open bank account online without bvn,accessbank,8,LOW,22,260,Access Bank Plc,4878.00,https://accessholdingsplc.com/wp-content/uploads/2025/04/PRESS-RELEASE-ACCESS-HOLDINGS-FY-24-RESULTS.pdf
zenith bank online account opening,zenithbank,1,LOW,14,260,Zenith Bank Plc,3970.00,https://africanfinancials.com/document/ng-zenith-2024-ar-00/
fidelity bank online account opening,fidelitybank,1,LOW,7,210,Fidelity Bank Plc,1043.40,https://www.fidelitybank.ng/documents/2024-Fidelity-Bank-Annual-Report.pdf
open a bank account online free,fcmb,1,LOW,31,170,First City Monument Bank Limited,794.80,https://techpoint.africa/news/fcmb-groups-gross-earnings-soars-53-9-in-2024/
open a bank account online free,firstbank,2,LOW,31,170,First Bank of Nigeria Limited,3200.00,https://first-holdco.com/wp-content/uploads/2025/04/First-HoldCo-Plc_-FY-2024_-Results-Presentation_.pdf
open a bank account online free,fidelitybank,4,LOW,31,170,Fidelity Bank Plc,1043.40,https://www.fidelitybank.ng/documents/2024-Fidelity-Bank-Annual-Report.pdf
open a bank account online free,gtbank,5,LOW,31,170,Guaranty Trust Bank Limited,467.85,https://gtbank-plc.files.svdcdn.com/production/financial-information/DECEMBER-2024-FULL-YEAR-INVESTOR-PRESENTATION_2025-04-01-051737_dnwl.pdf
open a bank account online free,firstbank,6,LOW,31,170,First Bank of Nigeria Limited,3200.00,https://first-holdco.com/wp-content/uploads/2025/04/First-HoldCo-Plc_-FY-2024_-Results-Presentation_.pdf
open a bank account online free,uba,7,LOW,31,170,United Bank for Africa Plc,3180.00,https://www.ubagroup.com/investors/financial-reports/
open a bank account online free,stanbicibtc,9,LOW,31,170,Stanbic IBTC Bank Plc,823.31,https://africanfinancials.com/document/ng-ibtc-2024-ar-00/
online account opening,firstbank,1,LOW,31,170,First Bank of Nigeria Limited,3200.00,https://first-holdco.com/wp-content/uploads/2025/04/First-HoldCo-Plc_-FY-2024_-Results-Presentation_.pdf
online account opening,fidelitybank,2,LOW,31,170,Fidelity Bank Plc,1043.40,https://www.fidelitybank.ng/documents/2024-Fidelity-Bank-Annual-Report.pdf
online account opening,stanbicibtc,4,LOW,31,170,Stanbic IBTC Bank Plc,823.31,https://africanfinancials.com/document/ng-ibtc-2024-ar-00/
online account opening,zenithbank,5,LOW,31,170,Zenith Bank Plc,3970.00,https://africanfinancials.com/document/ng-zenith-2024-ar-00/
online account opening,firstbank,6,LOW,31,170,First Bank of Nigeria Limited,3200.00,https://first-holdco.com/wp-content/uploads/2025/04/First-HoldCo-Plc_-FY-2024_-Results-Presentation_.pdf
online account opening,gtbank,7,LOW,31,170,Guaranty Trust Bank Limited,467.85,https://gtbank-plc.files.svdcdn.com/production/financial-information/DECEMBER-2024-FULL-YEAR-INVESTOR-PRESENTATION_2025-04-01-051737_dnwl.pdf
online account opening,uba,9,LOW,31,170,United Bank for Africa Plc,3180.00,https://www.ubagroup.com/investors/financial-reports/
online account opening,fcmb,10,LOW,31,170,First City Monument Bank Limited,794.80,https://techpoint.africa/news/fcmb-groups-gross-earnings-soars-53-9-in-2024/
apply for bank account,firstbank,1,MEDIUM,57,170,First Bank of Nigeria Limited,3200.00,https://first-holdco.com/wp-content/uploads/2025/04/First-HoldCo-Plc_-FY-2024_-Results-Presentation_.pdf
apply for bank account,gtbank,2,MEDIUM,57,170,Guaranty Trust Bank Limited,467.85,https://gtbank-plc.files.svdcdn.com/production/financial-information/DECEMBER-2024-FULL-YEAR-INVESTOR-PRESENTATION_2025-04-01-051737_dnwl.pdf
apply for bank account,fcmb,5,MEDIUM,57,170,First City Monument Bank Limited,794.80,https://techpoint.africa/news/fcmb-groups-gross-earnings-soars-53-9-in-2024/
apply for bank account,fidelitybank,6,MEDIUM,57,170,Fidelity Bank Plc,1043.40,https://www.fidelitybank.ng/documents/2024-Fidelity-Bank-Annual-Report.pdf
apply for bank account,uba,7,MEDIUM,57,170,United Bank for Africa Plc,3180.00,https://www.ubagroup.com/investors/financial-reports/
apply for bank account,stanbicibtc,8,MEDIUM,57,170,Stanbic IBTC Bank Plc,823.31,https://africanfinancials.com/document/ng-ibtc-2024-ar-00/
apply for bank account,zenithbank,9,MEDIUM,57,170,Zenith Bank Plc,3970.00,https://africanfinancials.com/document/ng-zenith-2024-ar-00/
apply for bank account,firstbank,10,MEDIUM,57,170,First Bank of Nigeria Limited,3200.00,https://first-holdco.com/wp-content/uploads/2025/04/First-HoldCo-Plc_-FY-2024_-Results-Presentation_.pdf
open free checking account online,fcmb,2,LOW,31,170,First City Monument Bank Limited,794.80,https://techpoint.africa/news/fcmb-groups-gross-earnings-soars-53-9-in-2024/
open free checking account online,fidelitybank,3,LOW,31,170,Fidelity Bank Plc,1043.40,https://www.fidelitybank.ng/documents/2024-Fidelity-Bank-Annual-Report.pdf
open free checking account online,firstbank,4,LOW,31,170,First Bank of Nigeria Limited,3200.00,https://first-holdco.com/wp-content/uploads/2025/04/First-HoldCo-Plc_-FY-2024_-Results-Presentation_.pdf
open free checking account online,gtbank,5,LOW,31,170,Guaranty Trust Bank Limited,467.85,https://gtbank-plc.files.svdcdn.com/production/financial-information/DECEMBER-2024-FULL-YEAR-INVESTOR-PRESENTATION_2025-04-01-051737_dnwl.pdf
open free checking account online,stanbicibtc,6,LOW,31,170,Stanbic IBTC Bank Plc,823.31,https://africanfinancials.com/document/ng-ibtc-2024-ar-00/
open free checking account online,firstbank,8,LOW,31,170,First Bank of Nigeria Limited,3200.00,https://first-holdco.com/wp-content/uploads/2025/04/First-HoldCo-Plc_-FY-2024_-Results-Presentation_.pdf
open free checking account online,gtbank,10,LOW,31,170,Guaranty Trust Bank Limited,467.85,https://gtbank-plc.files.svdcdn.com/production/financial-information/DECEMBER-2024-FULL-YEAR-INVESTOR-PRESENTATION_2025-04-01-051737_dnwl.pdf
open gtbank savings account online,gtbank,1,LOW,11,170,Guaranty Trust Bank Limited,467.85,https://gtbank-plc.files.svdcdn.com/production/financial-information/DECEMBER-2024-FULL-YEAR-INVESTOR-PRESENTATION_2025-04-01-051737_dnwl.pdf
open wallet account without bvn,polarisbank,1,LOW,25,170,Polaris Bank Limited,157.59,https://nairametrics.com/2024/09/23/polaris-bank-drives-impressive-profitability-with-operating-efficiency/
open wallet account without bvn,firstbank,2,LOW,25,170,First Bank of Nigeria Limited,3200.00,https://first-holdco.com/wp-content/uploads/2025/04/First-HoldCo-Plc_-FY-2024_-Results-Presentation_.pdf
open wallet account without bvn,fcmb,4,LOW,25,170,First City Monument Bank Limited,794.80,https://techpoint.africa/news/fcmb-groups-gross-earnings-soars-53-9-in-2024/
open wallet account without bvn,gtbank,6,LOW,25,170,Guaranty Trust Bank Limited,467.85,https://gtbank-plc.files.svdcdn.com/production/financial-information/DECEMBER-2024-FULL-YEAR-INVESTOR-PRESENTATION_2025-04-01-051737_dnwl.pdf
open wallet account without bvn,accessbank,9,LOW,25,170,Access Bank Plc,4878.00,https://accessholdingsplc.com/wp-content/uploads/2025/04/PRESS-RELEASE-ACCESS-HOLDINGS-FY-24-RESULTS.pdf
open business account,stanbicibtc,1,MEDIUM,56,140,Stanbic IBTC Bank Plc,823.31,https://africanfinancials.com/document/ng-ibtc-2024-ar-00/
open business account,firstbank,2,MEDIUM,56,140,First Bank of Nigeria Limited,3200.00,https://first-holdco.com/wp-content/uploads/2025/04/First-HoldCo-Plc_-FY-2024_-Results-Presentation_.pdf
open business account,accessbank,4,MEDIUM,56,140,Access Bank Plc,4878.00,https://accessholdingsplc.com/wp-content/uploads/2025/04/PRESS-RELEASE-ACCESS-HOLDINGS-FY-24-RESULTS.pdf
open business account,wema,6,MEDIUM,56,140,Wema Bank Plc,430.26,https://proshare.co/articles/wema-bank-full-year-2024-report-higher-interest-and-non-interest-income-sustains-gross-earnings-rally?category=Stock+%26+Analyst+Updates&classification=Read&menu=Market
open business account,gtbank,7,MEDIUM,56,140,Guaranty Trust Bank Limited,467.85,https://gtbank-plc.files.svdcdn.com/production/financial-information/DECEMBER-2024-FULL-YEAR-INVESTOR-PRESENTATION_2025-04-01-051737_dnwl.pdf
open business account,fidelitybank,9,MEDIUM,56,140,Fidelity Bank Plc,1043.40,https://www.fidelitybank.ng/documents/2024-Fidelity-Bank-Annual-Report.pdf
access bank savings account opening,accessbank,1,LOW,10,140,Access Bank Plc,4878.00,https://accessholdingsplc.com/wp-content/uploads/2025/04/PRESS-RELEASE-ACCESS-HOLDINGS-FY-24-RESULTS.pdf
zenith bank open account with bvn,zenithbank,9,LOW,11,140,Zenith Bank Plc,3970.00,https://africanfinancials.com/document/ng-zenith-2024-ar-00/
open first bank account online without bvn,firstbank,1,LOW,12,140,First Bank of Nigeria Limited,3200.00,https://first-holdco.com/wp-content/uploads/2025/04/First-HoldCo-Plc_-FY-2024_-Results-Presentation_.pdf
checking account online,firstbank,1,LOW,19,110,First Bank of Nigeria Limited,3200.00,https://first-holdco.com/wp-content/uploads/2025/04/First-HoldCo-Plc_-FY-2024_-Results-Presentation_.pdf
checking account online,gtbank,3,LOW,19,110,Guaranty Trust Bank Limited,467.85,https://gtbank-plc.files.svdcdn.com/production/financial-information/DECEMBER-2024-FULL-YEAR-INVESTOR-PRESENTATION_2025-04-01-051737_dnwl.pdf
checking account online,stanbicibtc,4,LOW,19,110,Stanbic IBTC Bank Plc,823.31,https://africanfinancials.com/document/ng-ibtc-2024-ar-00/
checking account online,fidelitybank,5,LOW,19,110,Fidelity Bank Plc,1043.40,https://www.fidelitybank.ng/documents/2024-Fidelity-Bank-Annual-Report.pdf
checking account online,fcmb,6,LOW,19,110,First City Monument Bank Limited,794.80,https://techpoint.africa/news/fcmb-groups-gross-earnings-soars-53-9-in-2024/
checking account online,uba,7,LOW,19,110,United Bank for Africa Plc,3180.00,https://www.ubagroup.com/investors/financial-reports/
checking account online,accessbank,10,LOW,19,110,Access Bank Plc,4878.00,https://accessholdingsplc.com/wp-content/uploads/2025/04/PRESS-RELEASE-ACCESS-HOLDINGS-FY-24-RESULTS.pdf
open bank online,firstbank,1,MEDIUM,34,110,First Bank of Nigeria Limited,3200.00,https://first-holdco.com/wp-content/uploads/2025/04/First-HoldCo-Plc_-FY-2024_-Results-Presentation_.pdf
open bank online,gtbank,2,MEDIUM,34,110,Guaranty Trust Bank Limited,467.85,https://gtbank-plc.files.svdcdn.com/production/financial-information/DECEMBER-2024-FULL-YEAR-INVESTOR-PRESENTATION_2025-04-01-051737_dnwl.pdf
open bank online,unionbank,4,MEDIUM,34,110,Union Bank of Nigeria Plc,333.00,https://www.unionbankng.com/june-2024-abridged-financial-statements-1/
open bank online,fcmb,5,MEDIUM,34,110,First City Monument Bank Limited,794.80,https://techpoint.africa/news/fcmb-groups-gross-earnings-soars-53-9-in-2024/
open bank online,keystonebank,6,MEDIUM,34,110,Keystone Bank Limited,59.00,https://www.keystonebankng.com/about-us/?utm_source
open bank online,fidelitybank,7,MEDIUM,34,110,Fidelity Bank Plc,1043.40,https://www.fidelitybank.ng/documents/2024-Fidelity-Bank-Annual-Report.pdf
open bank online,accessbank,8,MEDIUM,34,110,Access Bank Plc,4878.00,https://accessholdingsplc.com/wp-content/uploads/2025/04/PRESS-RELEASE-ACCESS-HOLDINGS-FY-24-RESULTS.pdf
open bank online,firstbank,9,MEDIUM,34,110,First Bank of Nigeria Limited,3200.00,https://first-holdco.com/wp-content/uploads/2025/04/First-HoldCo-Plc_-FY-2024_-Results-Presentation_.pdf
open bank online,stanbicibtc,10,MEDIUM,34,110,Stanbic IBTC Bank Plc,823.31,https://africanfinancials.com/document/ng-ibtc-2024-ar-00/
banks i can open online,gtbank,1,MEDIUM,34,110,Guaranty Trust Bank Limited,467.85,https://gtbank-plc.files.svdcdn.com/production/financial-information/DECEMBER-2024-FULL-YEAR-INVESTOR-PRESENTATION_2025-04-01-051737_dnwl.pdf
banks i can open online,firstbank,2,MEDIUM,34,110,First Bank of Nigeria Limited,3200.00,https://first-holdco.com/wp-content/uploads/2025/04/First-HoldCo-Plc_-FY-2024_-Results-Presentation_.pdf
banks i can open online,fidelitybank,3,MEDIUM,34,110,Fidelity Bank Plc,1043.40,https://www.fidelitybank.ng/documents/2024-Fidelity-Bank-Annual-Report.pdf
banks i can open online,fcmb,5,MEDIUM,34,110,First City Monument Bank Limited,794.80,https://techpoint.africa/news/fcmb-groups-gross-earnings-soars-53-9-in-2024/
banks i can open online,stanbicibtc,6,MEDIUM,34,110,Stanbic IBTC Bank Plc,823.31,https://africanfinancials.com/document/ng-ibtc-2024-ar-00/
banks i can open online,zenithbank,8,MEDIUM,34,110,Zenith Bank Plc,3970.00,https://africanfinancials.com/document/ng-zenith-2024-ar-00/
banks i can open online,uba,9,MEDIUM,34,110,United Bank for Africa Plc,3180.00,https://www.ubagroup.com/investors/financial-reports/
banks i can open online,unionbank,10,MEDIUM,34,110,Union Bank of Nigeria Plc,333.00,https://www.unionbankng.com/june-2024-abridged-financial-statements-1/
open us bank account online non resident,uba,5,LOW,32,110,United Bank for Africa Plc,3180.00,https://www.ubagroup.com/investors/financial-reports/
zenith bank account opening online,zenithbank,1,LOW,13,110,Zenith Bank Plc,3970.00,https://africanfinancials.com/document/ng-zenith-2024-ar-00/
open keystone bank account online,keystonebank,1,LOW,11,110,Keystone Bank Limited,59.00,https://www.keystonebankng.com/about-us/?utm_source
open checking,firstbank,1,LOW,0,90,First Bank of Nigeria Limited,3200.00,https://first-holdco.com/wp-content/uploads/2025/04/First-HoldCo-Plc_-FY-2024_-Results-Presentation_.pdf
open checking,gtbank,3,LOW,0,90,Guaranty Trust Bank Limited,467.85,https://gtbank-plc.files.svdcdn.com/production/financial-information/DECEMBER-2024-FULL-YEAR-INVESTOR-PRESENTATION_2025-04-01-051737_dnwl.pdf
open checking,uba,5,LOW,0,90,United Bank for Africa Plc,3180.00,https://www.ubagroup.com/investors/financial-reports/
open checking,keystonebank,6,LOW,0,90,Keystone Bank Limited,59.00,https://www.keystonebankng.com/about-us/?utm_source
open checking,fidelitybank,8,LOW,0,90,Fidelity Bank Plc,1043.40,https://www.fidelitybank.ng/documents/2024-Fidelity-Bank-Annual-Report.pdf
open checking,accessbank,9,LOW,0,90,Access Bank Plc,4878.00,https://accessholdingsplc.com/wp-content/uploads/2025/04/PRESS-RELEASE-ACCESS-HOLDINGS-FY-24-RESULTS.pdf
open checking,stanbicibtc,10,LOW,0,90,Stanbic IBTC Bank Plc,823.31,https://africanfinancials.com/document/ng-ibtc-2024-ar-00/
union bank online account opening,unionbank,1,LOW,9,90,Union Bank of Nigeria Plc,333.00,https://www.unionbankng.com/june-2024-abridged-financial-statements-1/
access bank open account online,accessbank,1,LOW,10,90,Access Bank Plc,4878.00,https://accessholdingsplc.com/wp-content/uploads/2025/04/PRESS-RELEASE-ACCESS-HOLDINGS-FY-24-RESULTS.pdf
access bank open account online,accessbank,2,LOW,10,90,Access Bank Plc,4878.00,https://accessholdingsplc.com/wp-content/uploads/2025/04/PRESS-RELEASE-ACCESS-HOLDINGS-FY-24-RESULTS.pdf
access bank open account online,accessbank,3,LOW,10,90,Access Bank Plc,4878.00,https://accessholdingsplc.com/wp-content/uploads/2025/04/PRESS-RELEASE-ACCESS-HOLDINGS-FY-24-RESULTS.pdf
access bank open account online,accessbank,4,LOW,10,90,Access Bank Plc,4878.00,https://accessholdingsplc.com/wp-content/uploads/2025/04/PRESS-RELEASE-ACCESS-HOLDINGS-FY-24-RESULTS.pdf
access bank open account online,accessbank,5,LOW,10,90,Access Bank Plc,4878.00,https://accessholdingsplc.com/wp-content/uploads/2025/04/PRESS-RELEASE-ACCESS-HOLDINGS-FY-24-RESULTS.pdf
access bank open account online,accessbank,6,LOW,10,90,Access Bank Plc,4878.00,https://accessholdingsplc.com/wp-content/uploads/2025/04/PRESS-RELEASE-ACCESS-HOLDINGS-FY-24-RESULTS.pdf
access bank open account online,zenithbank,7,LOW,10,90,Zenith Bank Plc,3970.00,https://africanfinancials.com/document/ng-zenith-2024-ar-00/
access bank open account online,accessbank,9,LOW,10,90,Access Bank Plc,4878.00,https://accessholdingsplc.com/wp-content/uploads/2025/04/PRESS-RELEASE-ACCESS-HOLDINGS-FY-24-RESULTS.pdf
create access bank account,accessbank,1,LOW,10,90,Access Bank Plc,4878.00,https://accessholdingsplc.com/wp-content/uploads/2025/04/PRESS-RELEASE-ACCESS-HOLDINGS-FY-24-RESULTS.pdf
create access bank account,accessbank,2,LOW,10,90,Access Bank Plc,4878.00,https://accessholdingsplc.com/wp-content/uploads/2025/04/PRESS-RELEASE-ACCESS-HOLDINGS-FY-24-RESULTS.pdf
create access bank account,firstbank,6,LOW,10,90,First Bank of Nigeria Limited,3200.00,https://first-holdco.com/wp-content/uploads/2025/04/First-HoldCo-Plc_-FY-2024_-Results-Presentation_.pdf
create access bank account,gtbank,8,LOW,10,90,Guaranty Trust Bank Limited,467.85,https://gtbank-plc.files.svdcdn.com/production/financial-information/DECEMBER-2024-FULL-YEAR-INVESTOR-PRESENTATION_2025-04-01-051737_dnwl.pdf
open uba savings account,uba,1,LOW,8,90,United Bank for Africa Plc,3180.00,https://www.ubagroup.com/investors/financial-reports/
open uba savings account,uba,2,LOW,8,90,United Bank for Africa Plc,3180.00,https://www.ubagroup.com/investors/financial-reports/
sterling bank account opening online,sterlingbank,5,LOW,7,90,Sterling Bank Plc,337.19,https://africanfinancials.com/document/ng-sterln-2024-ar-00/
sterling bank account opening online,sterlingbank,7,LOW,7,90,Sterling Bank Plc,337.19,https://africanfinancials.com/document/ng-sterln-2024-ar-00/
open sterling bank account online,sterlingbank,5,LOW,7,90,Sterling Bank Plc,337.19,https://africanfinancials.com/document/ng-sterln-2024-ar-00/
open sterling bank account online,sterlingbank,9,LOW,7,90,Sterling Bank Plc,337.19,https://africanfinancials.com/document/ng-sterln-2024-ar-00/
create bank account online,firstbank,1,MEDIUM,39,70,First Bank of Nigeria Limited,3200.00,https://first-holdco.com/wp-content/uploads/2025/04/First-HoldCo-Plc_-FY-2024_-Results-Presentation_.pdf
create bank account online,fidelitybank,3,MEDIUM,39,70,Fidelity Bank Plc,1043.40,https://www.fidelitybank.ng/documents/2024-Fidelity-Bank-Annual-Report.pdf
create bank account online,fcmb,4,MEDIUM,39,70,First City Monument Bank Limited,794.80,https://techpoint.africa/news/fcmb-groups-gross-earnings-soars-53-9-in-2024/
create bank account online,gtbank,5,MEDIUM,39,70,Guaranty Trust Bank Limited,467.85,https://gtbank-plc.files.svdcdn.com/production/financial-information/DECEMBER-2024-FULL-YEAR-INVESTOR-PRESENTATION_2025-04-01-051737_dnwl.pdf
create bank account online,firstbank,6,MEDIUM,39,70,First Bank of Nigeria Limited,3200.00,https://first-holdco.com/wp-content/uploads/2025/04/First-HoldCo-Plc_-FY-2024_-Results-Presentation_.pdf
create bank account online,stanbicibtc,7,MEDIUM,39,70,Stanbic IBTC Bank Plc,823.31,https://africanfinancials.com/document/ng-ibtc-2024-ar-00/
create bank account online,zenithbank,8,MEDIUM,39,70,Zenith Bank Plc,3970.00,https://africanfinancials.com/document/ng-zenith-2024-ar-00/
create bank account online,uba,9,MEDIUM,39,70,United Bank for Africa Plc,3180.00,https://www.ubagroup.com/investors/financial-reports/
create bank account online,gtbank,10,MEDIUM,39,70,Guaranty Trust Bank Limited,467.85,https://gtbank-plc.files.svdcdn.com/production/financial-information/DECEMBER-2024-FULL-YEAR-INVESTOR-PRESENTATION_2025-04-01-051737_dnwl.pdf
bank accounts i can open online,gtbank,1,LOW,21,70,Guaranty Trust Bank Limited,467.85,https://gtbank-plc.files.svdcdn.com/production/financial-information/DECEMBER-2024-FULL-YEAR-INVESTOR-PRESENTATION_2025-04-01-051737_dnwl.pdf
bank accounts i can open online,firstbank,2,LOW,21,70,First Bank of Nigeria Limited,3200.00,https://first-holdco.com/wp-content/uploads/2025/04/First-HoldCo-Plc_-FY-2024_-Results-Presentation_.pdf
bank accounts i can open online,fcmb,4,LOW,21,70,First City Monument Bank Limited,794.80,https://techpoint.africa/news/fcmb-groups-gross-earnings-soars-53-9-in-2024/
bank accounts i can open online,fidelitybank,5,LOW,21,70,Fidelity Bank Plc,1043.40,https://www.fidelitybank.ng/documents/2024-Fidelity-Bank-Annual-Report.pdf
bank accounts i can open online,uba,6,LOW,21,70,United Bank for Africa Plc,3180.00,https://www.ubagroup.com/investors/financial-reports/
bank accounts i can open online,stanbicibtc,7,LOW,21,70,Stanbic IBTC Bank Plc,823.31,https://africanfinancials.com/document/ng-ibtc-2024-ar-00/
bank accounts i can open online,zenithbank,9,LOW,21,70,Zenith Bank Plc,3970.00,https://africanfinancials.com/document/ng-zenith-2024-ar-00/
bank accounts i can open online,accessbank,10,LOW,21,70,Access Bank Plc,4878.00,https://accessholdingsplc.com/wp-content/uploads/2025/04/PRESS-RELEASE-ACCESS-HOLDINGS-FY-24-RESULTS.pdf
sign up for bank account online,firstbank,1,LOW,29,70,First Bank of Nigeria Limited,3200.00,https://first-holdco.com/wp-content/uploads/2025/04/First-HoldCo-Plc_-FY-2024_-Results-Presentation_.pdf
sign up for bank account online,fidelitybank,3,LOW,29,70,Fidelity Bank Plc,1043.40,https://www.fidelitybank.ng/documents/2024-Fidelity-Bank-Annual-Report.pdf
sign up for bank account online,gtbank,4,LOW,29,70,Guaranty Trust Bank Limited,467.85,https://gtbank-plc.files.svdcdn.com/production/financial-information/DECEMBER-2024-FULL-YEAR-INVESTOR-PRESENTATION_2025-04-01-051737_dnwl.pdf
sign up for bank account online,stanbicibtc,5,LOW,29,70,Stanbic IBTC Bank Plc,823.31,https://africanfinancials.com/document/ng-ibtc-2024-ar-00/
sign up for bank account online,fcmb,6,LOW,29,70,First City Monument Bank Limited,794.80,https://techpoint.africa/news/fcmb-groups-gross-earnings-soars-53-9-in-2024/
sign up for bank account online,zenithbank,7,LOW,29,70,Zenith Bank Plc,3970.00,https://africanfinancials.com/document/ng-zenith-2024-ar-00/
sign up for bank account online,uba,9,LOW,29,70,United Bank for Africa Plc,3180.00,https://www.ubagroup.com/investors/financial-reports/
sign up for bank account online,accessbank,10,LOW,29,70,Access Bank Plc,4878.00,https://accessholdingsplc.com/wp-content/uploads/2025/04/PRESS-RELEASE-ACCESS-HOLDINGS-FY-24-RESULTS.pdf
open international bank account online free,firstbank,1,LOW,32,70,First Bank of Nigeria Limited,3200.00,https://first-holdco.com/wp-content/uploads/2025/04/First-HoldCo-Plc_-FY-2024_-Results-Presentation_.pdf
open international bank account online free,uba,2,LOW,32,70,United Bank for Africa Plc,3180.00,https://www.ubagroup.com/investors/financial-reports/
open international bank account online free,gtbank,3,LOW,32,70,Guaranty Trust Bank Limited,467.85,https://gtbank-plc.files.svdcdn.com/production/financial-information/DECEMBER-2024-FULL-YEAR-INVESTOR-PRESENTATION_2025-04-01-051737_dnwl.pdf
open international bank account online free,firstbank,5,LOW,32,70,First Bank of Nigeria Limited,3200.00,https://first-holdco.com/wp-content/uploads/2025/04/First-HoldCo-Plc_-FY-2024_-Results-Presentation_.pdf
open international bank account online free,fcmb,7,LOW,32,70,First City Monument Bank Limited,794.80,https://techpoint.africa/news/fcmb-groups-gross-earnings-soars-53-9-in-2024/
open international bank account online free,uba,8,LOW,32,70,United Bank for Africa Plc,3180.00,https://www.ubagroup.com/investors/financial-reports/
open international bank account online free,fidelitybank,10,LOW,32,70,Fidelity Bank Plc,1043.40,https://www.fidelitybank.ng/documents/2024-Fidelity-Bank-Annual-Report.pdf
jaiz bank online account opening,jaizbank,1,LOW,7,70,Jaiz Bank Plc,82.87,https://africanfinancials.com/document/ng-jaizbank-2024-ar-00/
create first bank account,firstbank,1,LOW,10,70,First Bank of Nigeria Limited,3200.00,https://first-holdco.com/wp-content/uploads/2025/04/First-HoldCo-Plc_-FY-2024_-Results-Presentation_.pdf
open checking account online instantly,gtbank,1,LOW,21,50,Guaranty Trust Bank Limited,467.85,https://gtbank-plc.files.svdcdn.com/production/financial-information/DECEMBER-2024-FULL-YEAR-INVESTOR-PRESENTATION_2025-04-01-051737_dnwl.pdf
open checking account online instantly,fidelitybank,3,LOW,21,50,Fidelity Bank Plc,1043.40,https://www.fidelitybank.ng/documents/2024-Fidelity-Bank-Annual-Report.pdf
open checking account online instantly,stanbicibtc,4,LOW,21,50,Stanbic IBTC Bank Plc,823.31,https://africanfinancials.com/document/ng-ibtc-2024-ar-00/
open checking account online instantly,firstbank,5,LOW,21,50,First Bank of Nigeria Limited,3200.00,https://first-holdco.com/wp-content/uploads/2025/04/First-HoldCo-Plc_-FY-2024_-Results-Presentation_.pdf
open checking account online instantly,zenithbank,6,LOW,21,50,Zenith Bank Plc,3970.00,https://africanfinancials.com/document/ng-zenith-2024-ar-00/
open checking account online instantly,fcmb,7,LOW,21,50,First City Monument Bank Limited,794.80,https://techpoint.africa/news/fcmb-groups-gross-earnings-soars-53-9-in-2024/
open checking account online instantly,firstbank,8,LOW,21,50,First Bank of Nigeria Limited,3200.00,https://first-holdco.com/wp-content/uploads/2025/04/First-HoldCo-Plc_-FY-2024_-Results-Presentation_.pdf
open checking account online instantly,accessbank,9,LOW,21,50,Access Bank Plc,4878.00,https://accessholdingsplc.com/wp-content/uploads/2025/04/PRESS-RELEASE-ACCESS-HOLDINGS-FY-24-RESULTS.pdf
open checking account online instantly,uba,10,LOW,21,50,United Bank for Africa Plc,3180.00,https://www.ubagroup.com/investors/financial-reports/
open us bank account online,firstbank,4,MEDIUM,46,50,First Bank of Nigeria Limited,3200.00,https://first-holdco.com/wp-content/uploads/2025/04/First-HoldCo-Plc_-FY-2024_-Results-Presentation_.pdf
open us bank account online,uba,7,MEDIUM,46,50,United Bank for Africa Plc,3180.00,https://www.ubagroup.com/investors/financial-reports/
i want to open a bank account,gtbank,2,LOW,27,50,Guaranty Trust Bank Limited,467.85,https://gtbank-plc.files.svdcdn.com/production/financial-information/DECEMBER-2024-FULL-YEAR-INVESTOR-PRESENTATION_2025-04-01-051737_dnwl.pdf
i want to open a bank account,firstbank,3,LOW,27,50,First Bank of Nigeria Limited,3200.00,https://first-holdco.com/wp-content/uploads/2025/04/First-HoldCo-Plc_-FY-2024_-Results-Presentation_.pdf
i want to open a bank account,uba,4,LOW,27,50,United Bank for Africa Plc,3180.00,https://www.ubagroup.com/investors/financial-reports/
i want to open a bank account,unionbank,5,LOW,27,50,Union Bank of Nigeria Plc,333.00,https://www.unionbankng.com/june-2024-abridged-financial-statements-1/
i want to open a bank account,keystonebank,6,LOW,27,50,Keystone Bank Limited,59.00,https://www.keystonebankng.com/about-us/?utm_source
i need to open a bank account,gtbank,1,LOW,27,50,Guaranty Trust Bank Limited,467.85,https://gtbank-plc.files.svdcdn.com/production/financial-information/DECEMBER-2024-FULL-YEAR-INVESTOR-PRESENTATION_2025-04-01-051737_dnwl.pdf
i need to open a bank account,firstbank,2,LOW,27,50,First Bank of Nigeria Limited,3200.00,https://first-holdco.com/wp-content/uploads/2025/04/First-HoldCo-Plc_-FY-2024_-Results-Presentation_.pdf
i need to open a bank account,uba,3,LOW,27,50,United Bank for Africa Plc,3180.00,https://www.ubagroup.com/investors/financial-reports/
i need to open a bank account,stanbicibtc,5,LOW,27,50,Stanbic IBTC Bank Plc,823.31,https://africanfinancials.com/document/ng-ibtc-2024-ar-00/
i need to open a bank account,fcmb,6,LOW,27,50,First City Monument Bank Limited,794.80,https://techpoint.africa/news/fcmb-groups-gross-earnings-soars-53-9-in-2024/
i need to open a bank account,fidelitybank,7,LOW,27,50,Fidelity Bank Plc,1043.40,https://www.fidelitybank.ng/documents/2024-Fidelity-Bank-Annual-Report.pdf
open international bank account online,firstbank,1,LOW,4,50,First Bank of Nigeria Limited,3200.00,https://first-holdco.com/wp-content/uploads/2025/04/First-HoldCo-Plc_-FY-2024_-Results-Presentation_.pdf
open international bank account online,uba,2,LOW,4,50,United Bank for Africa Plc,3180.00,https://www.ubagroup.com/investors/financial-reports/
open international bank account online,gtbank,3,LOW,4,50,Guaranty Trust Bank Limited,467.85,https://gtbank-plc.files.svdcdn.com/production/financial-information/DECEMBER-2024-FULL-YEAR-INVESTOR-PRESENTATION_2025-04-01-051737_dnwl.pdf
open international bank account online,stanbicibtc,5,LOW,4,50,Stanbic IBTC Bank Plc,823.31,https://africanfinancials.com/document/ng-ibtc-2024-ar-00/
open international bank account online,firstbank,6,LOW,4,50,First Bank of Nigeria Limited,3200.00,https://first-holdco.com/wp-content/uploads/2025/04/First-HoldCo-Plc_-FY-2024_-Results-Presentation_.pdf
open international bank account online,accessbank,8,LOW,4,50,Access Bank Plc,4878.00,https://accessholdingsplc.com/wp-content/uploads/2025/04/PRESS-RELEASE-ACCESS-HOLDINGS-FY-24-RESULTS.pdf
open international bank account online,uba,9,LOW,4,50,United Bank for Africa Plc,3180.00,https://www.ubagroup.com/investors/financial-reports/
open international bank account online,fidelitybank,10,LOW,4,50,Fidelity Bank Plc,1043.40,https://www.fidelitybank.ng/documents/2024-Fidelity-Bank-Annual-Report.pdf
bank opening,firstbank,1,LOW,18,50,First Bank of Nigeria Limited,3200.00,https://first-holdco.com/wp-content/uploads/2025/04/First-HoldCo-Plc_-FY-2024_-Results-Presentation_.pdf
bank opening,gtbank,2,LOW,18,50,Guaranty Trust Bank Limited,467.85,https://gtbank-plc.files.svdcdn.com/production/financial-information/DECEMBER-2024-FULL-YEAR-INVESTOR-PRESENTATION_2025-04-01-051737_dnwl.pdf
bank opening,fidelitybank,6,LOW,18,50,Fidelity Bank Plc,1043.40,https://www.fidelitybank.ng/documents/2024-Fidelity-Bank-Annual-Report.pdf
bank opening,stanbicibtc,7,LOW,18,50,Stanbic IBTC Bank Plc,823.31,https://africanfinancials.com/document/ng-ibtc-2024-ar-00/
bank opening,keystonebank,8,LOW,18,50,Keystone Bank Limited,59.00,https://www.keystonebankng.com/about-us/?utm_source
bank opening,fcmb,9,LOW,18,50,First City Monument Bank Limited,794.80,https://techpoint.africa/news/fcmb-groups-gross-earnings-soars-53-9-in-2024/
bank opening,uba,10,LOW,18,50,United Bank for Africa Plc,3180.00,https://www.ubagroup.com/investors/financial-reports/
union bank sign up,unionbank,10,LOW,9,50,Union Bank of Nigeria Plc,333.00,https://www.unionbankng.com/june-2024-abridged-financial-statements-1/
sterling bank online account opening,sterlingbank,5,LOW,7,50,Sterling Bank Plc,337.19,https://africanfinancials.com/document/ng-sterln-2024-ar-00/
sterling bank online account opening,sterlingbank,10,LOW,7,50,Sterling Bank Plc,337.19,https://africanfinancials.com/document/ng-sterln-2024-ar-00/
open zenith bank account online without bvn,zenithbank,1,LOW,15,50,Zenith Bank Plc,3970.00,https://africanfinancials.com/document/ng-zenith-2024-ar-00/
create zenith bank account,zenithbank,1,LOW,14,50,Zenith Bank Plc,3970.00,https://africanfinancials.com/document/ng-zenith-2024-ar-00/
wema bank online account opening,wema,1,LOW,20,50,Wema Bank Plc,430.26,https://proshare.co/articles/wema-bank-full-year-2024-report-higher-interest-and-non-interest-income-sustains-gross-earnings-rally?category=Stock+%26+Analyst+Updates&classification=Read&menu=Market
open account with zenith bank,zenithbank,7,LOW,20,50,Zenith Bank Plc,3970.00,https://africanfinancials.com/document/ng-zenith-2024-ar-00/
i want to open access bank account,accessbank,1,LOW,18,50,Access Bank Plc,4878.00,https://accessholdingsplc.com/wp-content/uploads/2025/04/PRESS-RELEASE-ACCESS-HOLDINGS-FY-24-RESULTS.pdf
i want to open access bank account,accessbank,2,LOW,18,50,Access Bank Plc,4878.00,https://accessholdingsplc.com/wp-content/uploads/2025/04/PRESS-RELEASE-ACCESS-HOLDINGS-FY-24-RESULTS.pdf
i want to open access bank account,firstbank,3,LOW,18,50,First Bank of Nigeria Limited,3200.00,https://first-holdco.com/wp-content/uploads/2025/04/First-HoldCo-Plc_-FY-2024_-Results-Presentation_.pdf
i want to open access bank account,stanbicibtc,6,LOW,18,50,Stanbic IBTC Bank Plc,823.31,https://africanfinancials.com/document/ng-ibtc-2024-ar-00/
i want to open access bank account,accessbank,8,LOW,18,50,Access Bank Plc,4878.00,https://accessholdingsplc.com/wp-content/uploads/2025/04/PRESS-RELEASE-ACCESS-HOLDINGS-FY-24-RESULTS.pdf
i want to open access bank account,uba,9,LOW,18,50,United Bank for Africa Plc,3180.00,https://www.ubagroup.com/investors/financial-reports/
i want to open access bank account,firstbank,10,LOW,18,50,First Bank of Nigeria Limited,3200.00,https://first-holdco.com/wp-content/uploads/2025/04/First-HoldCo-Plc_-FY-2024_-Results-Presentation_.pdf
zenith online account opening,zenithbank,1,LOW,11,50,Zenith Bank Plc,3970.00,https://africanfinancials.com/document/ng-zenith-2024-ar-00/
fcmb online business account opening,fcmb,1,LOW,7,50,First City Monument Bank Limited,794.80,https://techpoint.africa/news/fcmb-groups-gross-earnings-soars-53-9-in-2024/
open a checking account online,firstbank,1,LOW,30,40,First Bank of Nigeria Limited,3200.00,https://first-holdco.com/wp-content/uploads/2025/04/First-HoldCo-Plc_-FY-2024_-Results-Presentation_.pdf
open a checking account online,gtbank,2,LOW,30,40,Guaranty Trust Bank Limited,467.85,https://gtbank-plc.files.svdcdn.com/production/financial-information/DECEMBER-2024-FULL-YEAR-INVESTOR-PRESENTATION_2025-04-01-051737_dnwl.pdf
open a checking account online,fidelitybank,4,LOW,30,40,Fidelity Bank Plc,1043.40,https://www.fidelitybank.ng/documents/2024-Fidelity-Bank-Annual-Report.pdf
open a checking account online,stanbicibtc,5,LOW,30,40,Stanbic IBTC Bank Plc,823.31,https://africanfinancials.com/document/ng-ibtc-2024-ar-00/
open a checking account online,fcmb,6,LOW,30,40,First City Monument Bank Limited,794.80,https://techpoint.africa/news/fcmb-groups-gross-earnings-soars-53-9-in-2024/
open a checking account online,firstbank,7,LOW,30,40,First Bank of Nigeria Limited,3200.00,https://first-holdco.com/wp-content/uploads/2025/04/First-HoldCo-Plc_-FY-2024_-Results-Presentation_.pdf
open a checking account online,zenithbank,8,LOW,30,40,Zenith Bank Plc,3970.00,https://africanfinancials.com/document/ng-zenith-2024-ar-00/
open a checking account online,uba,9,LOW,30,40,United Bank for Africa Plc,3180.00,https://www.ubagroup.com/investors/financial-reports/
open a checking account online,gtbank,10,LOW,30,40,Guaranty Trust Bank Limited,467.85,https://gtbank-plc.files.svdcdn.com/production/financial-information/DECEMBER-2024-FULL-YEAR-INVESTOR-PRESENTATION_2025-04-01-051737_dnwl.pdf
open a bank account with no deposit required,fcmb,1,LOW,29,40,First City Monument Bank Limited,794.80,https://techpoint.africa/news/fcmb-groups-gross-earnings-soars-53-9-in-2024/
open a bank account with no deposit required,firstbank,2,LOW,29,40,First Bank of Nigeria Limited,3200.00,https://first-holdco.com/wp-content/uploads/2025/04/First-HoldCo-Plc_-FY-2024_-Results-Presentation_.pdf
open a bank account with no deposit required,gtbank,3,LOW,29,40,Guaranty Trust Bank Limited,467.85,https://gtbank-plc.files.svdcdn.com/production/financial-information/DECEMBER-2024-FULL-YEAR-INVESTOR-PRESENTATION_2025-04-01-051737_dnwl.pdf
open a bank account with no deposit required,uba,5,LOW,29,40,United Bank for Africa Plc,3180.00,https://www.ubagroup.com/investors/financial-reports/
open a bank account with no deposit required,accessbank,6,LOW,29,40,Access Bank Plc,4878.00,https://accessholdingsplc.com/wp-content/uploads/2025/04/PRESS-RELEASE-ACCESS-HOLDINGS-FY-24-RESULTS.pdf
open a bank account with no deposit required,fidelitybank,9,LOW,29,40,Fidelity Bank Plc,1043.40,https://www.fidelitybank.ng/documents/2024-Fidelity-Bank-Annual-Report.pdf
